--
-- PostgreSQL database dump
--

\restrict YDBPFKkZtmXkeM9tpDeIETGxGjZ0q2o8uMutwHoIDejD1LEv0A2gmBNYcV09cDn

-- Dumped from database version 18.0 (Ubuntu 18.0-1.pgdg24.04+3)
-- Dumped by pg_dump version 18.0 (Ubuntu 18.0-1.pgdg24.04+3)

SET statement_timeout = 0;
SET lock_timeout = 0;
SET idle_in_transaction_session_timeout = 0;
SET transaction_timeout = 0;
SET client_encoding = 'UTF8';
SET standard_conforming_strings = on;
SELECT pg_catalog.set_config('search_path', '', false);
SET check_function_bodies = false;
SET xmloption = content;
SET client_min_messages = warning;
SET row_security = off;

--
-- Data for Name: proiectapp_customuser; Type: TABLE DATA; Schema: public; Owner: -
--

INSERT INTO public.proiectapp_customuser (id, password, last_login, is_superuser, username, first_name, last_name, email, is_staff, is_active, date_joined, telefon, data_nasterii, adresa_strada, adresa_oras, adresa_judet, adresa_cod_postal) VALUES (1, 'pbkdf2_sha256$1000000$OUsoBoFQRL14WCa8I8zmd6$uEmRh+z2txmwd6tMlZpTd4+kXH8LbKrZ0tBTuRtb1uA=', '2025-11-13 11:07:15.816506+00', true, 'admin', '', '', 'valentin.cristiannn@gmail.com', true, true, '2025-11-12 17:50:30.956058+00', NULL, NULL, NULL, NULL, NULL, NULL);


--
-- Data for Name: proiectapp_accesslog; Type: TABLE DATA; Schema: public; Owner: -
--

INSERT INTO public.proiectapp_accesslog (id, ip_address, user_agent, path, method, "timestamp", user_id) VALUES (1, '127.0.0.1', 'Mozilla/5.0 (X11; Linux x86_64) AppleWebKit/537.36 (KHTML, like Gecko) Chrome/142.0.0.0 Safari/537.36', '/produse/', 'GET', '2025-11-12 16:32:49.822204+00', NULL);
INSERT INTO public.proiectapp_accesslog (id, ip_address, user_agent, path, method, "timestamp", user_id) VALUES (2, '127.0.0.1', 'Mozilla/5.0 (X11; Linux x86_64) AppleWebKit/537.36 (KHTML, like Gecko) Chrome/142.0.0.0 Safari/537.36', '/produse/', 'GET', '2025-11-12 16:33:08.153607+00', NULL);
INSERT INTO public.proiectapp_accesslog (id, ip_address, user_agent, path, method, "timestamp", user_id) VALUES (3, '127.0.0.1', 'Mozilla/5.0 (X11; Linux x86_64) AppleWebKit/537.36 (KHTML, like Gecko) Chrome/142.0.0.0 Safari/537.36', '/favicon.ico', 'GET', '2025-11-12 16:33:08.358689+00', NULL);
INSERT INTO public.proiectapp_accesslog (id, ip_address, user_agent, path, method, "timestamp", user_id) VALUES (4, '127.0.0.1', 'Mozilla/5.0 (X11; Linux x86_64) AppleWebKit/537.36 (KHTML, like Gecko) Chrome/142.0.0.0 Safari/537.36', '/', 'GET', '2025-11-12 16:33:31.824387+00', NULL);
INSERT INTO public.proiectapp_accesslog (id, ip_address, user_agent, path, method, "timestamp", user_id) VALUES (5, '127.0.0.1', 'Mozilla/5.0 (X11; Linux x86_64) AppleWebKit/537.36 (KHTML, like Gecko) Chrome/142.0.0.0 Safari/537.36', '/media/serii_imagini/artilerie.png', 'GET', '2025-11-12 16:33:31.918358+00', NULL);
INSERT INTO public.proiectapp_accesslog (id, ip_address, user_agent, path, method, "timestamp", user_id) VALUES (6, '127.0.0.1', 'Mozilla/5.0 (X11; Linux x86_64) AppleWebKit/537.36 (KHTML, like Gecko) Chrome/142.0.0.0 Safari/537.36', '/serii/', 'GET', '2025-11-12 16:33:33.581593+00', NULL);
INSERT INTO public.proiectapp_accesslog (id, ip_address, user_agent, path, method, "timestamp", user_id) VALUES (7, '127.0.0.1', 'Mozilla/5.0 (X11; Linux x86_64) AppleWebKit/537.36 (KHTML, like Gecko) Chrome/142.0.0.0 Safari/537.36', '/media/serii_imagini/tancgreu.png', 'GET', '2025-11-12 16:33:33.658183+00', NULL);
INSERT INTO public.proiectapp_accesslog (id, ip_address, user_agent, path, method, "timestamp", user_id) VALUES (8, '127.0.0.1', 'Mozilla/5.0 (X11; Linux x86_64) AppleWebKit/537.36 (KHTML, like Gecko) Chrome/142.0.0.0 Safari/537.36', '/media/serii_imagini/antiair.png', 'GET', '2025-11-12 16:33:33.660473+00', NULL);
INSERT INTO public.proiectapp_accesslog (id, ip_address, user_agent, path, method, "timestamp", user_id) VALUES (9, '127.0.0.1', 'Mozilla/5.0 (X11; Linux x86_64) AppleWebKit/537.36 (KHTML, like Gecko) Chrome/142.0.0.0 Safari/537.36', '/serii/5/', 'GET', '2025-11-12 16:33:36.530593+00', NULL);
INSERT INTO public.proiectapp_accesslog (id, ip_address, user_agent, path, method, "timestamp", user_id) VALUES (10, '127.0.0.1', 'Mozilla/5.0 (X11; Linux x86_64) AppleWebKit/537.36 (KHTML, like Gecko) Chrome/142.0.0.0 Safari/537.36', '/media/produse_imagini/gepard.png', 'GET', '2025-11-12 16:33:36.585196+00', NULL);
INSERT INTO public.proiectapp_accesslog (id, ip_address, user_agent, path, method, "timestamp", user_id) VALUES (11, '127.0.0.1', 'Mozilla/5.0 (X11; Linux x86_64) AppleWebKit/537.36 (KHTML, like Gecko) Chrome/142.0.0.0 Safari/537.36', '/categorii/Tancuri Germane/', 'GET', '2025-11-12 16:33:42.213296+00', NULL);
INSERT INTO public.proiectapp_accesslog (id, ip_address, user_agent, path, method, "timestamp", user_id) VALUES (12, '127.0.0.1', 'Mozilla/5.0 (X11; Linux x86_64) AppleWebKit/537.36 (KHTML, like Gecko) Chrome/142.0.0.0 Safari/537.36', '/produse/', 'GET', '2025-11-12 16:33:55.39493+00', NULL);
INSERT INTO public.proiectapp_accesslog (id, ip_address, user_agent, path, method, "timestamp", user_id) VALUES (13, '127.0.0.1', 'Mozilla/5.0 (X11; Linux x86_64) AppleWebKit/537.36 (KHTML, like Gecko) Chrome/142.0.0.0 Safari/537.36', '/produse/', 'GET', '2025-11-12 16:36:30.327053+00', NULL);
INSERT INTO public.proiectapp_accesslog (id, ip_address, user_agent, path, method, "timestamp", user_id) VALUES (14, '127.0.0.1', 'Mozilla/5.0 (X11; Linux x86_64) AppleWebKit/537.36 (KHTML, like Gecko) Chrome/142.0.0.0 Safari/537.36', '/media/produse_imagini/ferdinand_gVTCOlt.png', 'GET', '2025-11-12 16:36:30.431315+00', NULL);
INSERT INTO public.proiectapp_accesslog (id, ip_address, user_agent, path, method, "timestamp", user_id) VALUES (15, '127.0.0.1', 'Mozilla/5.0 (X11; Linux x86_64) AppleWebKit/537.36 (KHTML, like Gecko) Chrome/142.0.0.0 Safari/537.36', '/media/produse_imagini/gepard.png', 'GET', '2025-11-12 16:36:30.452906+00', NULL);
INSERT INTO public.proiectapp_accesslog (id, ip_address, user_agent, path, method, "timestamp", user_id) VALUES (16, '127.0.0.1', 'Mozilla/5.0 (X11; Linux x86_64) AppleWebKit/537.36 (KHTML, like Gecko) Chrome/142.0.0.0 Safari/537.36', '/media/produse_imagini/cent_mk3_3D0UACV.png', 'GET', '2025-11-12 16:36:30.439806+00', NULL);
INSERT INTO public.proiectapp_accesslog (id, ip_address, user_agent, path, method, "timestamp", user_id) VALUES (17, '127.0.0.1', 'Mozilla/5.0 (X11; Linux x86_64) AppleWebKit/537.36 (KHTML, like Gecko) Chrome/142.0.0.0 Safari/537.36', '/media/produse_imagini/FV4005.png', 'GET', '2025-11-12 16:36:30.499834+00', NULL);
INSERT INTO public.proiectapp_accesslog (id, ip_address, user_agent, path, method, "timestamp", user_id) VALUES (18, '127.0.0.1', 'Mozilla/5.0 (X11; Linux x86_64) AppleWebKit/537.36 (KHTML, like Gecko) Chrome/142.0.0.0 Safari/537.36', '/media/produse_imagini/M1A2_abrams.png', 'GET', '2025-11-12 16:36:30.49598+00', NULL);
INSERT INTO public.proiectapp_accesslog (id, ip_address, user_agent, path, method, "timestamp", user_id) VALUES (19, '127.0.0.1', 'Mozilla/5.0 (X11; Linux x86_64) AppleWebKit/537.36 (KHTML, like Gecko) Chrome/142.0.0.0 Safari/537.36', '/favicon.ico', 'GET', '2025-11-12 16:36:30.689265+00', NULL);
INSERT INTO public.proiectapp_accesslog (id, ip_address, user_agent, path, method, "timestamp", user_id) VALUES (20, '127.0.0.1', 'Mozilla/5.0 (X11; Linux x86_64) AppleWebKit/537.36 (KHTML, like Gecko) Chrome/142.0.0.0 Safari/537.36', '/produse/', 'GET', '2025-11-12 16:36:36.403987+00', NULL);
INSERT INTO public.proiectapp_accesslog (id, ip_address, user_agent, path, method, "timestamp", user_id) VALUES (21, '127.0.0.1', 'Mozilla/5.0 (X11; Linux x86_64) AppleWebKit/537.36 (KHTML, like Gecko) Chrome/142.0.0.0 Safari/537.36', '/media/produse_imagini/M60Patton.png', 'GET', '2025-11-12 16:36:36.521221+00', NULL);
INSERT INTO public.proiectapp_accesslog (id, ip_address, user_agent, path, method, "timestamp", user_id) VALUES (22, '127.0.0.1', 'Mozilla/5.0 (X11; Linux x86_64) AppleWebKit/537.36 (KHTML, like Gecko) Chrome/142.0.0.0 Safari/537.36', '/info/', 'GET', '2025-11-12 16:45:14.627409+00', NULL);
INSERT INTO public.proiectapp_accesslog (id, ip_address, user_agent, path, method, "timestamp", user_id) VALUES (23, '127.0.0.1', 'Mozilla/5.0 (X11; Linux x86_64) AppleWebKit/537.36 (KHTML, like Gecko) Chrome/142.0.0.0 Safari/537.36', '/log/', 'GET', '2025-11-12 16:45:28.116411+00', NULL);
INSERT INTO public.proiectapp_accesslog (id, ip_address, user_agent, path, method, "timestamp", user_id) VALUES (24, '127.0.0.1', 'Mozilla/5.0 (X11; Linux x86_64) AppleWebKit/537.36 (KHTML, like Gecko) Chrome/142.0.0.0 Safari/537.36', '/log/', 'GET', '2025-11-12 17:26:48.433452+00', NULL);
INSERT INTO public.proiectapp_accesslog (id, ip_address, user_agent, path, method, "timestamp", user_id) VALUES (25, '127.0.0.1', 'Mozilla/5.0 (X11; Linux x86_64) AppleWebKit/537.36 (KHTML, like Gecko) Chrome/142.0.0.0 Safari/537.36', '/favicon.ico', 'GET', '2025-11-12 17:26:48.590133+00', NULL);
INSERT INTO public.proiectapp_accesslog (id, ip_address, user_agent, path, method, "timestamp", user_id) VALUES (26, '127.0.0.1', 'Mozilla/5.0 (X11; Linux x86_64) AppleWebKit/537.36 (KHTML, like Gecko) Chrome/142.0.0.0 Safari/537.36', '/produse/', 'GET', '2025-11-12 17:26:56.773372+00', NULL);
INSERT INTO public.proiectapp_accesslog (id, ip_address, user_agent, path, method, "timestamp", user_id) VALUES (27, '127.0.0.1', 'Mozilla/5.0 (X11; Linux x86_64) AppleWebKit/537.36 (KHTML, like Gecko) Chrome/142.0.0.0 Safari/537.36', '/produse/17/', 'GET', '2025-11-12 17:27:04.513184+00', NULL);
INSERT INTO public.proiectapp_accesslog (id, ip_address, user_agent, path, method, "timestamp", user_id) VALUES (28, '127.0.0.1', 'Mozilla/5.0 (X11; Linux x86_64) AppleWebKit/537.36 (KHTML, like Gecko) Chrome/142.0.0.0 Safari/537.36', '/', 'GET', '2025-11-12 17:27:26.689173+00', NULL);
INSERT INTO public.proiectapp_accesslog (id, ip_address, user_agent, path, method, "timestamp", user_id) VALUES (29, '127.0.0.1', 'Mozilla/5.0 (X11; Linux x86_64) AppleWebKit/537.36 (KHTML, like Gecko) Chrome/142.0.0.0 Safari/537.36', '/login', 'GET', '2025-11-12 17:27:36.673323+00', NULL);
INSERT INTO public.proiectapp_accesslog (id, ip_address, user_agent, path, method, "timestamp", user_id) VALUES (30, '127.0.0.1', 'Mozilla/5.0 (X11; Linux x86_64) AppleWebKit/537.36 (KHTML, like Gecko) Chrome/142.0.0.0 Safari/537.36', '/login/', 'GET', '2025-11-12 17:27:36.759527+00', NULL);
INSERT INTO public.proiectapp_accesslog (id, ip_address, user_agent, path, method, "timestamp", user_id) VALUES (31, '127.0.0.1', 'Mozilla/5.0 (X11; Linux x86_64) AppleWebKit/537.36 (KHTML, like Gecko) Chrome/142.0.0.0 Safari/537.36', '/', 'GET', '2025-11-12 17:27:49.595786+00', NULL);
INSERT INTO public.proiectapp_accesslog (id, ip_address, user_agent, path, method, "timestamp", user_id) VALUES (32, '127.0.0.1', 'Mozilla/5.0 (X11; Linux x86_64) AppleWebKit/537.36 (KHTML, like Gecko) Chrome/142.0.0.0 Safari/537.36', '/media/serii_imagini/wwII.png', 'GET', '2025-11-12 17:27:49.679409+00', NULL);
INSERT INTO public.proiectapp_accesslog (id, ip_address, user_agent, path, method, "timestamp", user_id) VALUES (33, '127.0.0.1', 'Mozilla/5.0 (X11; Linux x86_64) AppleWebKit/537.36 (KHTML, like Gecko) Chrome/142.0.0.0 Safari/537.36', '/contact/', 'GET', '2025-11-12 17:27:50.962274+00', NULL);
INSERT INTO public.proiectapp_accesslog (id, ip_address, user_agent, path, method, "timestamp", user_id) VALUES (34, '127.0.0.1', 'Mozilla/5.0 (X11; Linux x86_64) AppleWebKit/537.36 (KHTML, like Gecko) Chrome/142.0.0.0 Safari/537.36', '/cos_virtual/', 'GET', '2025-11-12 17:28:10.919656+00', NULL);
INSERT INTO public.proiectapp_accesslog (id, ip_address, user_agent, path, method, "timestamp", user_id) VALUES (35, '127.0.0.1', 'Mozilla/5.0 (X11; Linux x86_64) AppleWebKit/537.36 (KHTML, like Gecko) Chrome/142.0.0.0 Safari/537.36', '/contact/', 'GET', '2025-11-12 17:28:12.785321+00', NULL);
INSERT INTO public.proiectapp_accesslog (id, ip_address, user_agent, path, method, "timestamp", user_id) VALUES (36, '127.0.0.1', 'Mozilla/5.0 (X11; Linux x86_64) AppleWebKit/537.36 (KHTML, like Gecko) Chrome/142.0.0.0 Safari/537.36', '/despre/', 'GET', '2025-11-12 17:28:13.58679+00', NULL);
INSERT INTO public.proiectapp_accesslog (id, ip_address, user_agent, path, method, "timestamp", user_id) VALUES (37, '127.0.0.1', 'Mozilla/5.0 (X11; Linux x86_64) AppleWebKit/537.36 (KHTML, like Gecko) Chrome/142.0.0.0 Safari/537.36', '/serii/', 'GET', '2025-11-12 17:28:14.475639+00', NULL);
INSERT INTO public.proiectapp_accesslog (id, ip_address, user_agent, path, method, "timestamp", user_id) VALUES (38, '127.0.0.1', 'Mozilla/5.0 (X11; Linux x86_64) AppleWebKit/537.36 (KHTML, like Gecko) Chrome/142.0.0.0 Safari/537.36', '/contact/', 'GET', '2025-11-12 17:28:15.287794+00', NULL);
INSERT INTO public.proiectapp_accesslog (id, ip_address, user_agent, path, method, "timestamp", user_id) VALUES (39, '127.0.0.1', 'Mozilla/5.0 (X11; Linux x86_64) AppleWebKit/537.36 (KHTML, like Gecko) Chrome/142.0.0.0 Safari/537.36', '/adauga-produse', 'GET', '2025-11-12 17:28:33.615418+00', NULL);
INSERT INTO public.proiectapp_accesslog (id, ip_address, user_agent, path, method, "timestamp", user_id) VALUES (40, '127.0.0.1', 'Mozilla/5.0 (X11; Linux x86_64) AppleWebKit/537.36 (KHTML, like Gecko) Chrome/142.0.0.0 Safari/537.36', '/adauga-produs', 'GET', '2025-11-12 17:28:44.238542+00', NULL);
INSERT INTO public.proiectapp_accesslog (id, ip_address, user_agent, path, method, "timestamp", user_id) VALUES (41, '127.0.0.1', 'Mozilla/5.0 (X11; Linux x86_64) AppleWebKit/537.36 (KHTML, like Gecko) Chrome/142.0.0.0 Safari/537.36', '/adauga-produs', 'GET', '2025-11-12 17:29:05.736214+00', NULL);
INSERT INTO public.proiectapp_accesslog (id, ip_address, user_agent, path, method, "timestamp", user_id) VALUES (42, '127.0.0.1', 'Mozilla/5.0 (X11; Linux x86_64) AppleWebKit/537.36 (KHTML, like Gecko) Chrome/142.0.0.0 Safari/537.36', '/favicon.ico', 'GET', '2025-11-12 17:29:05.852408+00', NULL);
INSERT INTO public.proiectapp_accesslog (id, ip_address, user_agent, path, method, "timestamp", user_id) VALUES (43, '127.0.0.1', 'Mozilla/5.0 (X11; Linux x86_64) AppleWebKit/537.36 (KHTML, like Gecko) Chrome/142.0.0.0 Safari/537.36', '/shipping-returns/', 'GET', '2025-11-12 17:29:14.392597+00', NULL);
INSERT INTO public.proiectapp_accesslog (id, ip_address, user_agent, path, method, "timestamp", user_id) VALUES (44, '127.0.0.1', 'Mozilla/5.0 (X11; Linux x86_64) AppleWebKit/537.36 (KHTML, like Gecko) Chrome/142.0.0.0 Safari/537.36', '/privacy-policy/', 'GET', '2025-11-12 17:29:16.000228+00', NULL);
INSERT INTO public.proiectapp_accesslog (id, ip_address, user_agent, path, method, "timestamp", user_id) VALUES (45, '127.0.0.1', 'Mozilla/5.0 (X11; Linux x86_64) AppleWebKit/537.36 (KHTML, like Gecko) Chrome/142.0.0.0 Safari/537.36', '/terms-conditions/', 'GET', '2025-11-12 17:29:16.602091+00', NULL);
INSERT INTO public.proiectapp_accesslog (id, ip_address, user_agent, path, method, "timestamp", user_id) VALUES (46, '127.0.0.1', 'Mozilla/5.0 (X11; Linux x86_64) AppleWebKit/537.36 (KHTML, like Gecko) Chrome/142.0.0.0 Safari/537.36', '/shipping-returns/', 'GET', '2025-11-12 17:29:17.465912+00', NULL);
INSERT INTO public.proiectapp_accesslog (id, ip_address, user_agent, path, method, "timestamp", user_id) VALUES (47, '127.0.0.1', 'Mozilla/5.0 (X11; Linux x86_64) AppleWebKit/537.36 (KHTML, like Gecko) Chrome/142.0.0.0 Safari/537.36', '/contact/', 'GET', '2025-11-12 17:29:23.244882+00', NULL);
INSERT INTO public.proiectapp_accesslog (id, ip_address, user_agent, path, method, "timestamp", user_id) VALUES (48, '127.0.0.1', 'Mozilla/5.0 (X11; Linux x86_64) AppleWebKit/537.36 (KHTML, like Gecko) Chrome/142.0.0.0 Safari/537.36', '/cos_virtual/', 'GET', '2025-11-12 17:29:27.340816+00', NULL);
INSERT INTO public.proiectapp_accesslog (id, ip_address, user_agent, path, method, "timestamp", user_id) VALUES (49, '127.0.0.1', 'Mozilla/5.0 (X11; Linux x86_64) AppleWebKit/537.36 (KHTML, like Gecko) Chrome/142.0.0.0 Safari/537.36', '/produse/', 'GET', '2025-11-12 17:29:28.168092+00', NULL);
INSERT INTO public.proiectapp_accesslog (id, ip_address, user_agent, path, method, "timestamp", user_id) VALUES (50, '127.0.0.1', 'Mozilla/5.0 (X11; Linux x86_64) AppleWebKit/537.36 (KHTML, like Gecko) Chrome/142.0.0.0 Safari/537.36', '/produse/', 'GET', '2025-11-12 17:29:38.090432+00', NULL);
INSERT INTO public.proiectapp_accesslog (id, ip_address, user_agent, path, method, "timestamp", user_id) VALUES (51, '127.0.0.1', 'Mozilla/5.0 (X11; Linux x86_64) AppleWebKit/537.36 (KHTML, like Gecko) Chrome/142.0.0.0 Safari/537.36', '/produse/', 'GET', '2025-11-12 17:29:40.957932+00', NULL);
INSERT INTO public.proiectapp_accesslog (id, ip_address, user_agent, path, method, "timestamp", user_id) VALUES (52, '127.0.0.1', 'Mozilla/5.0 (X11; Linux x86_64) AppleWebKit/537.36 (KHTML, like Gecko) Chrome/142.0.0.0 Safari/537.36', '/media/produse_imagini/MAUS_sLsob8O.png', 'GET', '2025-11-12 17:29:41.101178+00', NULL);
INSERT INTO public.proiectapp_accesslog (id, ip_address, user_agent, path, method, "timestamp", user_id) VALUES (53, '127.0.0.1', 'Mozilla/5.0 (X11; Linux x86_64) AppleWebKit/537.36 (KHTML, like Gecko) Chrome/142.0.0.0 Safari/537.36', '/media/produse_imagini/t55.png', 'GET', '2025-11-12 17:29:41.111239+00', NULL);
INSERT INTO public.proiectapp_accesslog (id, ip_address, user_agent, path, method, "timestamp", user_id) VALUES (54, '127.0.0.1', 'Mozilla/5.0 (X11; Linux x86_64) AppleWebKit/537.36 (KHTML, like Gecko) Chrome/142.0.0.0 Safari/537.36', '/media/produse_imagini/tiger1.png', 'GET', '2025-11-12 17:29:41.117244+00', NULL);
INSERT INTO public.proiectapp_accesslog (id, ip_address, user_agent, path, method, "timestamp", user_id) VALUES (55, '127.0.0.1', 'Mozilla/5.0 (X11; Linux x86_64) AppleWebKit/537.36 (KHTML, like Gecko) Chrome/142.0.0.0 Safari/537.36', '/media/produse_imagini/t34-85.png', 'GET', '2025-11-12 17:29:41.118707+00', NULL);
INSERT INTO public.proiectapp_accesslog (id, ip_address, user_agent, path, method, "timestamp", user_id) VALUES (56, '127.0.0.1', 'Mozilla/5.0 (X11; Linux x86_64) AppleWebKit/537.36 (KHTML, like Gecko) Chrome/142.0.0.0 Safari/537.36', '/produse/', 'GET', '2025-11-12 17:29:43.36916+00', NULL);
INSERT INTO public.proiectapp_accesslog (id, ip_address, user_agent, path, method, "timestamp", user_id) VALUES (57, '127.0.0.1', 'Mozilla/5.0 (X11; Linux x86_64) AppleWebKit/537.36 (KHTML, like Gecko) Chrome/142.0.0.0 Safari/537.36', '/media/produse_imagini/jumbo_sneaCON.png', 'GET', '2025-11-12 17:29:43.494327+00', NULL);
INSERT INTO public.proiectapp_accesslog (id, ip_address, user_agent, path, method, "timestamp", user_id) VALUES (58, '127.0.0.1', 'Mozilla/5.0 (X11; Linux x86_64) AppleWebKit/537.36 (KHTML, like Gecko) Chrome/142.0.0.0 Safari/537.36', '/produse/', 'GET', '2025-11-12 17:29:46.280112+00', NULL);
INSERT INTO public.proiectapp_accesslog (id, ip_address, user_agent, path, method, "timestamp", user_id) VALUES (59, '127.0.0.1', 'Mozilla/5.0 (X11; Linux x86_64) AppleWebKit/537.36 (KHTML, like Gecko) Chrome/142.0.0.0 Safari/537.36', '/admin/adauga-produse', 'GET', '2025-11-12 17:38:32.970961+00', NULL);
INSERT INTO public.proiectapp_accesslog (id, ip_address, user_agent, path, method, "timestamp", user_id) VALUES (60, '127.0.0.1', 'Mozilla/5.0 (X11; Linux x86_64) AppleWebKit/537.36 (KHTML, like Gecko) Chrome/142.0.0.0 Safari/537.36', '/admin/login/', 'GET', '2025-11-12 17:38:33.071587+00', NULL);
INSERT INTO public.proiectapp_accesslog (id, ip_address, user_agent, path, method, "timestamp", user_id) VALUES (61, '127.0.0.1', 'Mozilla/5.0 (X11; Linux x86_64) AppleWebKit/537.36 (KHTML, like Gecko) Chrome/142.0.0.0 Safari/537.36', '/admin/login/', 'POST', '2025-11-12 17:38:37.377954+00', NULL);
INSERT INTO public.proiectapp_accesslog (id, ip_address, user_agent, path, method, "timestamp", user_id) VALUES (62, '127.0.0.1', 'Mozilla/5.0 (X11; Linux x86_64) AppleWebKit/537.36 (KHTML, like Gecko) Chrome/142.0.0.0 Safari/537.36', '/admin/login/', 'POST', '2025-11-12 17:38:48.239571+00', NULL);
INSERT INTO public.proiectapp_accesslog (id, ip_address, user_agent, path, method, "timestamp", user_id) VALUES (63, '127.0.0.1', 'Mozilla/5.0 (X11; Linux x86_64) AppleWebKit/537.36 (KHTML, like Gecko) Chrome/142.0.0.0 Safari/537.36', '/admin/login/', 'POST', '2025-11-12 17:39:42.159394+00', NULL);
INSERT INTO public.proiectapp_accesslog (id, ip_address, user_agent, path, method, "timestamp", user_id) VALUES (64, '127.0.0.1', 'Mozilla/5.0 (X11; Linux x86_64) AppleWebKit/537.36 (KHTML, like Gecko) Chrome/142.0.0.0 Safari/537.36', '/admin/login/', 'GET', '2025-11-12 17:39:49.3757+00', NULL);
INSERT INTO public.proiectapp_accesslog (id, ip_address, user_agent, path, method, "timestamp", user_id) VALUES (65, '127.0.0.1', 'Mozilla/5.0 (X11; Linux x86_64) AppleWebKit/537.36 (KHTML, like Gecko) Chrome/142.0.0.0 Safari/537.36', '/admin/login/', 'POST', '2025-11-12 17:39:52.277459+00', NULL);
INSERT INTO public.proiectapp_accesslog (id, ip_address, user_agent, path, method, "timestamp", user_id) VALUES (66, '127.0.0.1', 'Mozilla/5.0 (X11; Linux x86_64) AppleWebKit/537.36 (KHTML, like Gecko) Chrome/142.0.0.0 Safari/537.36', '/admin/login/', 'POST', '2025-11-12 17:40:14.932778+00', NULL);
INSERT INTO public.proiectapp_accesslog (id, ip_address, user_agent, path, method, "timestamp", user_id) VALUES (67, '127.0.0.1', 'Mozilla/5.0 (X11; Linux x86_64) AppleWebKit/537.36 (KHTML, like Gecko) Chrome/142.0.0.0 Safari/537.36', '/admin/login/', 'POST', '2025-11-12 17:40:20.962233+00', NULL);
INSERT INTO public.proiectapp_accesslog (id, ip_address, user_agent, path, method, "timestamp", user_id) VALUES (68, '127.0.0.1', 'Mozilla/5.0 (X11; Linux x86_64) AppleWebKit/537.36 (KHTML, like Gecko) Chrome/142.0.0.0 Safari/537.36', '/admin/login/', 'POST', '2025-11-12 17:40:24.363662+00', NULL);
INSERT INTO public.proiectapp_accesslog (id, ip_address, user_agent, path, method, "timestamp", user_id) VALUES (69, '127.0.0.1', 'Mozilla/5.0 (X11; Linux x86_64) AppleWebKit/537.36 (KHTML, like Gecko) Chrome/142.0.0.0 Safari/537.36', '/', 'GET', '2025-11-12 17:45:52.49652+00', NULL);
INSERT INTO public.proiectapp_accesslog (id, ip_address, user_agent, path, method, "timestamp", user_id) VALUES (70, '127.0.0.1', 'Mozilla/5.0 (X11; Linux x86_64) AppleWebKit/537.36 (KHTML, like Gecko) Chrome/142.0.0.0 Safari/537.36', '/login/', 'GET', '2025-11-12 17:46:05.292924+00', NULL);
INSERT INTO public.proiectapp_accesslog (id, ip_address, user_agent, path, method, "timestamp", user_id) VALUES (71, '127.0.0.1', 'Mozilla/5.0 (X11; Linux x86_64) AppleWebKit/537.36 (KHTML, like Gecko) Chrome/142.0.0.0 Safari/537.36', '/register/', 'GET', '2025-11-12 17:46:12.858+00', NULL);
INSERT INTO public.proiectapp_accesslog (id, ip_address, user_agent, path, method, "timestamp", user_id) VALUES (72, '127.0.0.1', 'Mozilla/5.0 (X11; Linux x86_64) AppleWebKit/537.36 (KHTML, like Gecko) Chrome/142.0.0.0 Safari/537.36', '/login/', 'GET', '2025-11-12 17:46:25.753633+00', NULL);
INSERT INTO public.proiectapp_accesslog (id, ip_address, user_agent, path, method, "timestamp", user_id) VALUES (73, '127.0.0.1', 'Mozilla/5.0 (X11; Linux x86_64) AppleWebKit/537.36 (KHTML, like Gecko) Chrome/142.0.0.0 Safari/537.36', '/register/', 'GET', '2025-11-12 17:46:26.782617+00', NULL);
INSERT INTO public.proiectapp_accesslog (id, ip_address, user_agent, path, method, "timestamp", user_id) VALUES (74, '127.0.0.1', 'Mozilla/5.0 (X11; Linux x86_64) AppleWebKit/537.36 (KHTML, like Gecko) Chrome/142.0.0.0 Safari/537.36', '/login/', 'GET', '2025-11-12 17:46:29.082777+00', NULL);
INSERT INTO public.proiectapp_accesslog (id, ip_address, user_agent, path, method, "timestamp", user_id) VALUES (75, '127.0.0.1', 'Mozilla/5.0 (X11; Linux x86_64) AppleWebKit/537.36 (KHTML, like Gecko) Chrome/142.0.0.0 Safari/537.36', '/admin', 'GET', '2025-11-12 17:47:34.871309+00', NULL);
INSERT INTO public.proiectapp_accesslog (id, ip_address, user_agent, path, method, "timestamp", user_id) VALUES (76, '127.0.0.1', 'Mozilla/5.0 (X11; Linux x86_64) AppleWebKit/537.36 (KHTML, like Gecko) Chrome/142.0.0.0 Safari/537.36', '/admin/', 'GET', '2025-11-12 17:47:34.914803+00', NULL);
INSERT INTO public.proiectapp_accesslog (id, ip_address, user_agent, path, method, "timestamp", user_id) VALUES (77, '127.0.0.1', 'Mozilla/5.0 (X11; Linux x86_64) AppleWebKit/537.36 (KHTML, like Gecko) Chrome/142.0.0.0 Safari/537.36', '/admin/login/', 'GET', '2025-11-12 17:47:34.968759+00', NULL);
INSERT INTO public.proiectapp_accesslog (id, ip_address, user_agent, path, method, "timestamp", user_id) VALUES (78, '127.0.0.1', 'Mozilla/5.0 (X11; Linux x86_64) AppleWebKit/537.36 (KHTML, like Gecko) Chrome/142.0.0.0 Safari/537.36', '/admin/login/', 'POST', '2025-11-12 17:47:43.8185+00', NULL);
INSERT INTO public.proiectapp_accesslog (id, ip_address, user_agent, path, method, "timestamp", user_id) VALUES (79, '127.0.0.1', 'Mozilla/5.0 (X11; Linux x86_64) AppleWebKit/537.36 (KHTML, like Gecko) Chrome/142.0.0.0 Safari/537.36', '/admin/login/', 'POST', '2025-11-12 17:48:06.38172+00', NULL);
INSERT INTO public.proiectapp_accesslog (id, ip_address, user_agent, path, method, "timestamp", user_id) VALUES (80, '127.0.0.1', 'Mozilla/5.0 (X11; Linux x86_64) AppleWebKit/537.36 (KHTML, like Gecko) Chrome/142.0.0.0 Safari/537.36', '/admin/login/', 'POST', '2025-11-12 17:48:21.549746+00', NULL);
INSERT INTO public.proiectapp_accesslog (id, ip_address, user_agent, path, method, "timestamp", user_id) VALUES (81, '127.0.0.1', 'Mozilla/5.0 (X11; Linux x86_64) AppleWebKit/537.36 (KHTML, like Gecko) Chrome/142.0.0.0 Safari/537.36', '/admin/login/', 'POST', '2025-11-12 17:50:58.175991+00', NULL);
INSERT INTO public.proiectapp_accesslog (id, ip_address, user_agent, path, method, "timestamp", user_id) VALUES (82, '127.0.0.1', 'Mozilla/5.0 (X11; Linux x86_64) AppleWebKit/537.36 (KHTML, like Gecko) Chrome/142.0.0.0 Safari/537.36', '/admin/login/', 'POST', '2025-11-12 17:51:00.747565+00', NULL);
INSERT INTO public.proiectapp_accesslog (id, ip_address, user_agent, path, method, "timestamp", user_id) VALUES (83, '127.0.0.1', 'Mozilla/5.0 (X11; Linux x86_64) AppleWebKit/537.36 (KHTML, like Gecko) Chrome/142.0.0.0 Safari/537.36', '/admin/login/', 'POST', '2025-11-12 17:51:07.347817+00', 1);
INSERT INTO public.proiectapp_accesslog (id, ip_address, user_agent, path, method, "timestamp", user_id) VALUES (84, '127.0.0.1', 'Mozilla/5.0 (X11; Linux x86_64) AppleWebKit/537.36 (KHTML, like Gecko) Chrome/142.0.0.0 Safari/537.36', '/admin/', 'GET', '2025-11-12 17:51:07.399109+00', 1);
INSERT INTO public.proiectapp_accesslog (id, ip_address, user_agent, path, method, "timestamp", user_id) VALUES (85, '127.0.0.1', 'Mozilla/5.0 (X11; Linux x86_64) AppleWebKit/537.36 (KHTML, like Gecko) Chrome/142.0.0.0 Safari/537.36', '/admin/proiectapp/categorie/', 'GET', '2025-11-12 17:51:12.328801+00', 1);
INSERT INTO public.proiectapp_accesslog (id, ip_address, user_agent, path, method, "timestamp", user_id) VALUES (86, '127.0.0.1', 'Mozilla/5.0 (X11; Linux x86_64) AppleWebKit/537.36 (KHTML, like Gecko) Chrome/142.0.0.0 Safari/537.36', '/admin/jsi18n/', 'GET', '2025-11-12 17:51:12.426972+00', 1);
INSERT INTO public.proiectapp_accesslog (id, ip_address, user_agent, path, method, "timestamp", user_id) VALUES (87, '127.0.0.1', 'Mozilla/5.0 (X11; Linux x86_64) AppleWebKit/537.36 (KHTML, like Gecko) Chrome/142.0.0.0 Safari/537.36', '/admin/', 'GET', '2025-11-12 17:51:15.096581+00', 1);
INSERT INTO public.proiectapp_accesslog (id, ip_address, user_agent, path, method, "timestamp", user_id) VALUES (88, '127.0.0.1', 'Mozilla/5.0 (X11; Linux x86_64) AppleWebKit/537.36 (KHTML, like Gecko) Chrome/142.0.0.0 Safari/537.36', '/admin/adauga-produse', 'GET', '2025-11-12 17:51:20.945977+00', 1);
INSERT INTO public.proiectapp_accesslog (id, ip_address, user_agent, path, method, "timestamp", user_id) VALUES (89, '127.0.0.1', 'Mozilla/5.0 (X11; Linux x86_64) AppleWebKit/537.36 (KHTML, like Gecko) Chrome/142.0.0.0 Safari/537.36', '/admin/adauga-produs', 'GET', '2025-11-12 17:51:45.302292+00', 1);
INSERT INTO public.proiectapp_accesslog (id, ip_address, user_agent, path, method, "timestamp", user_id) VALUES (90, '127.0.0.1', 'Mozilla/5.0 (X11; Linux x86_64) AppleWebKit/537.36 (KHTML, like Gecko) Chrome/142.0.0.0 Safari/537.36', '/adauga-produs', 'GET', '2025-11-12 17:52:02.273521+00', 1);
INSERT INTO public.proiectapp_accesslog (id, ip_address, user_agent, path, method, "timestamp", user_id) VALUES (91, '127.0.0.1', 'Mozilla/5.0 (X11; Linux x86_64) AppleWebKit/537.36 (KHTML, like Gecko) Chrome/142.0.0.0 Safari/537.36', '/adauga_produs', 'GET', '2025-11-12 17:52:32.099622+00', 1);
INSERT INTO public.proiectapp_accesslog (id, ip_address, user_agent, path, method, "timestamp", user_id) VALUES (92, '127.0.0.1', 'Mozilla/5.0 (X11; Linux x86_64) AppleWebKit/537.36 (KHTML, like Gecko) Chrome/142.0.0.0 Safari/537.36', '/admin/', 'GET', '2025-11-12 17:52:39.946142+00', 1);
INSERT INTO public.proiectapp_accesslog (id, ip_address, user_agent, path, method, "timestamp", user_id) VALUES (93, '127.0.0.1', 'Mozilla/5.0 (X11; Linux x86_64) AppleWebKit/537.36 (KHTML, like Gecko) Chrome/142.0.0.0 Safari/537.36', '/', 'GET', '2025-11-12 17:52:51.138376+00', 1);
INSERT INTO public.proiectapp_accesslog (id, ip_address, user_agent, path, method, "timestamp", user_id) VALUES (94, '127.0.0.1', 'Mozilla/5.0 (X11; Linux x86_64) AppleWebKit/537.36 (KHTML, like Gecko) Chrome/142.0.0.0 Safari/537.36', '/media/serii_imagini/tancuriusoare.png', 'GET', '2025-11-12 17:52:51.305572+00', 1);
INSERT INTO public.proiectapp_accesslog (id, ip_address, user_agent, path, method, "timestamp", user_id) VALUES (95, '127.0.0.1', 'Mozilla/5.0 (X11; Linux x86_64) AppleWebKit/537.36 (KHTML, like Gecko) Chrome/142.0.0.0 Safari/537.36', '/media/serii_imagini/antiair.png', 'GET', '2025-11-12 17:52:51.307598+00', 1);
INSERT INTO public.proiectapp_accesslog (id, ip_address, user_agent, path, method, "timestamp", user_id) VALUES (96, '127.0.0.1', 'Mozilla/5.0 (X11; Linux x86_64) AppleWebKit/537.36 (KHTML, like Gecko) Chrome/142.0.0.0 Safari/537.36', '/media/serii_imagini/tancurimdrn.png', 'GET', '2025-11-12 17:52:51.308404+00', 1);
INSERT INTO public.proiectapp_accesslog (id, ip_address, user_agent, path, method, "timestamp", user_id) VALUES (97, '127.0.0.1', 'Mozilla/5.0 (X11; Linux x86_64) AppleWebKit/537.36 (KHTML, like Gecko) Chrome/142.0.0.0 Safari/537.36', '/cos_virtual/', 'GET', '2025-11-12 17:52:53.282525+00', 1);
INSERT INTO public.proiectapp_accesslog (id, ip_address, user_agent, path, method, "timestamp", user_id) VALUES (98, '127.0.0.1', 'Mozilla/5.0 (X11; Linux x86_64) AppleWebKit/537.36 (KHTML, like Gecko) Chrome/142.0.0.0 Safari/537.36', '/shipping-returns/', 'GET', '2025-11-12 17:53:33.967452+00', 1);
INSERT INTO public.proiectapp_accesslog (id, ip_address, user_agent, path, method, "timestamp", user_id) VALUES (99, '127.0.0.1', 'Mozilla/5.0 (X11; Linux x86_64) AppleWebKit/537.36 (KHTML, like Gecko) Chrome/142.0.0.0 Safari/537.36', '/admin/adauga-produs/', 'GET', '2025-11-12 17:53:55.520861+00', 1);
INSERT INTO public.proiectapp_accesslog (id, ip_address, user_agent, path, method, "timestamp", user_id) VALUES (100, '127.0.0.1', 'Mozilla/5.0 (X11; Linux x86_64) AppleWebKit/537.36 (KHTML, like Gecko) Chrome/142.0.0.0 Safari/537.36', '/admin/adauga-produs/', 'GET', '2025-11-12 17:58:09.156877+00', 1);
INSERT INTO public.proiectapp_accesslog (id, ip_address, user_agent, path, method, "timestamp", user_id) VALUES (101, '127.0.0.1', 'Mozilla/5.0 (X11; Linux x86_64) AppleWebKit/537.36 (KHTML, like Gecko) Chrome/142.0.0.0 Safari/537.36', '/admin/adauga_produs/', 'GET', '2025-11-12 17:58:14.958443+00', 1);
INSERT INTO public.proiectapp_accesslog (id, ip_address, user_agent, path, method, "timestamp", user_id) VALUES (102, '127.0.0.1', 'Mozilla/5.0 (X11; Linux x86_64) AppleWebKit/537.36 (KHTML, like Gecko) Chrome/142.0.0.0 Safari/537.36', '/admin/adauga_produs/', 'GET', '2025-11-12 17:59:08.170728+00', 1);
INSERT INTO public.proiectapp_accesslog (id, ip_address, user_agent, path, method, "timestamp", user_id) VALUES (103, '127.0.0.1', 'Mozilla/5.0 (X11; Linux x86_64) AppleWebKit/537.36 (KHTML, like Gecko) Chrome/142.0.0.0 Safari/537.36', '/favicon.ico', 'GET', '2025-11-12 17:59:08.266965+00', 1);
INSERT INTO public.proiectapp_accesslog (id, ip_address, user_agent, path, method, "timestamp", user_id) VALUES (104, '127.0.0.1', 'Mozilla/5.0 (X11; Linux x86_64) AppleWebKit/537.36 (KHTML, like Gecko) Chrome/142.0.0.0 Safari/537.36', '/admin/adauga_produs/', 'GET', '2025-11-12 17:59:09.359122+00', 1);
INSERT INTO public.proiectapp_accesslog (id, ip_address, user_agent, path, method, "timestamp", user_id) VALUES (105, '127.0.0.1', 'Mozilla/5.0 (X11; Linux x86_64) AppleWebKit/537.36 (KHTML, like Gecko) Chrome/142.0.0.0 Safari/537.36', '/favicon.ico', 'GET', '2025-11-12 17:59:09.438636+00', 1);
INSERT INTO public.proiectapp_accesslog (id, ip_address, user_agent, path, method, "timestamp", user_id) VALUES (106, '127.0.0.1', 'Mozilla/5.0 (X11; Linux x86_64) AppleWebKit/537.36 (KHTML, like Gecko) Chrome/142.0.0.0 Safari/537.36', '/admin', 'GET', '2025-11-12 17:59:28.710903+00', 1);
INSERT INTO public.proiectapp_accesslog (id, ip_address, user_agent, path, method, "timestamp", user_id) VALUES (107, '127.0.0.1', 'Mozilla/5.0 (X11; Linux x86_64) AppleWebKit/537.36 (KHTML, like Gecko) Chrome/142.0.0.0 Safari/537.36', '/admin/', 'GET', '2025-11-12 17:59:28.809263+00', 1);
INSERT INTO public.proiectapp_accesslog (id, ip_address, user_agent, path, method, "timestamp", user_id) VALUES (108, '127.0.0.1', 'Mozilla/5.0 (X11; Linux x86_64) AppleWebKit/537.36 (KHTML, like Gecko) Chrome/142.0.0.0 Safari/537.36', '/admin/proiectapp/figurina/', 'GET', '2025-11-12 17:59:32.706015+00', 1);
INSERT INTO public.proiectapp_accesslog (id, ip_address, user_agent, path, method, "timestamp", user_id) VALUES (109, '127.0.0.1', 'Mozilla/5.0 (X11; Linux x86_64) AppleWebKit/537.36 (KHTML, like Gecko) Chrome/142.0.0.0 Safari/537.36', '/admin/jsi18n/', 'GET', '2025-11-12 17:59:32.801608+00', 1);
INSERT INTO public.proiectapp_accesslog (id, ip_address, user_agent, path, method, "timestamp", user_id) VALUES (110, '127.0.0.1', 'Mozilla/5.0 (X11; Linux x86_64) AppleWebKit/537.36 (KHTML, like Gecko) Chrome/142.0.0.0 Safari/537.36', '/admin/proiectapp/figurina/add/', 'GET', '2025-11-12 17:59:34.778644+00', 1);
INSERT INTO public.proiectapp_accesslog (id, ip_address, user_agent, path, method, "timestamp", user_id) VALUES (111, '127.0.0.1', 'Mozilla/5.0 (X11; Linux x86_64) AppleWebKit/537.36 (KHTML, like Gecko) Chrome/142.0.0.0 Safari/537.36', '/admin/jsi18n/', 'GET', '2025-11-12 17:59:34.866812+00', 1);
INSERT INTO public.proiectapp_accesslog (id, ip_address, user_agent, path, method, "timestamp", user_id) VALUES (112, '127.0.0.1', 'Mozilla/5.0 (X11; Linux x86_64) AppleWebKit/537.36 (KHTML, like Gecko) Chrome/142.0.0.0 Safari/537.36', '/admin/proiectapp/figurina/', 'GET', '2025-11-12 17:59:42.606499+00', 1);
INSERT INTO public.proiectapp_accesslog (id, ip_address, user_agent, path, method, "timestamp", user_id) VALUES (113, '127.0.0.1', 'Mozilla/5.0 (X11; Linux x86_64) AppleWebKit/537.36 (KHTML, like Gecko) Chrome/142.0.0.0 Safari/537.36', '/admin/password_change/', 'GET', '2025-11-12 18:01:21.985372+00', 1);
INSERT INTO public.proiectapp_accesslog (id, ip_address, user_agent, path, method, "timestamp", user_id) VALUES (114, '127.0.0.1', 'Mozilla/5.0 (X11; Linux x86_64) AppleWebKit/537.36 (KHTML, like Gecko) Chrome/142.0.0.0 Safari/537.36', '/admin/proiectapp/figurina/', 'GET', '2025-11-12 18:01:25.295693+00', 1);
INSERT INTO public.proiectapp_accesslog (id, ip_address, user_agent, path, method, "timestamp", user_id) VALUES (115, '127.0.0.1', 'Mozilla/5.0 (X11; Linux x86_64) AppleWebKit/537.36 (KHTML, like Gecko) Chrome/142.0.0.0 Safari/537.36', '/', 'GET', '2025-11-12 18:01:27.034339+00', 1);
INSERT INTO public.proiectapp_accesslog (id, ip_address, user_agent, path, method, "timestamp", user_id) VALUES (116, '127.0.0.1', 'Mozilla/5.0 (X11; Linux x86_64) AppleWebKit/537.36 (KHTML, like Gecko) Chrome/142.0.0.0 Safari/537.36', '/media/serii_imagini/tancurimedii.png', 'GET', '2025-11-12 18:01:27.155512+00', 1);
INSERT INTO public.proiectapp_accesslog (id, ip_address, user_agent, path, method, "timestamp", user_id) VALUES (117, '127.0.0.1', 'Mozilla/5.0 (X11; Linux x86_64) AppleWebKit/537.36 (KHTML, like Gecko) Chrome/142.0.0.0 Safari/537.36', '/media/serii_imagini/tancuriwwii_1sPaRol.png', 'GET', '2025-11-12 18:01:27.166549+00', 1);
INSERT INTO public.proiectapp_accesslog (id, ip_address, user_agent, path, method, "timestamp", user_id) VALUES (118, '127.0.0.1', 'Mozilla/5.0 (X11; Linux x86_64) AppleWebKit/537.36 (KHTML, like Gecko) Chrome/142.0.0.0 Safari/537.36', '/media/serii_imagini/tancgreu.png', 'GET', '2025-11-12 18:01:27.177523+00', 1);
INSERT INTO public.proiectapp_accesslog (id, ip_address, user_agent, path, method, "timestamp", user_id) VALUES (119, '127.0.0.1', 'Mozilla/5.0 (X11; Linux x86_64) AppleWebKit/537.36 (KHTML, like Gecko) Chrome/142.0.0.0 Safari/537.36', '/profil/', 'GET', '2025-11-12 18:01:30.185908+00', 1);
INSERT INTO public.proiectapp_accesslog (id, ip_address, user_agent, path, method, "timestamp", user_id) VALUES (120, '127.0.0.1', 'Mozilla/5.0 (X11; Linux x86_64) AppleWebKit/537.36 (KHTML, like Gecko) Chrome/142.0.0.0 Safari/537.36', '/cos_virtual/', 'GET', '2025-11-12 18:01:45.179384+00', 1);
INSERT INTO public.proiectapp_accesslog (id, ip_address, user_agent, path, method, "timestamp", user_id) VALUES (121, '127.0.0.1', 'Mozilla/5.0 (X11; Linux x86_64) AppleWebKit/537.36 (KHTML, like Gecko) Chrome/142.0.0.0 Safari/537.36', '/contact/', 'GET', '2025-11-12 18:01:46.668969+00', 1);
INSERT INTO public.proiectapp_accesslog (id, ip_address, user_agent, path, method, "timestamp", user_id) VALUES (122, '127.0.0.1', 'Mozilla/5.0 (X11; Linux x86_64) AppleWebKit/537.36 (KHTML, like Gecko) Chrome/142.0.0.0 Safari/537.36', '/cos_virtual/', 'GET', '2025-11-12 18:02:32.5088+00', 1);
INSERT INTO public.proiectapp_accesslog (id, ip_address, user_agent, path, method, "timestamp", user_id) VALUES (123, '127.0.0.1', 'Mozilla/5.0 (X11; Linux x86_64) AppleWebKit/537.36 (KHTML, like Gecko) Chrome/142.0.0.0 Safari/537.36', '/profil/', 'GET', '2025-11-12 18:02:40.029366+00', 1);
INSERT INTO public.proiectapp_accesslog (id, ip_address, user_agent, path, method, "timestamp", user_id) VALUES (124, '127.0.0.1', 'Mozilla/5.0 (X11; Linux x86_64) AppleWebKit/537.36 (KHTML, like Gecko) Chrome/142.0.0.0 Safari/537.36', '/admin/', 'GET', '2025-11-12 18:03:41.800611+00', 1);
INSERT INTO public.proiectapp_accesslog (id, ip_address, user_agent, path, method, "timestamp", user_id) VALUES (125, '127.0.0.1', 'Mozilla/5.0 (X11; Linux x86_64) AppleWebKit/537.36 (KHTML, like Gecko) Chrome/142.0.0.0 Safari/537.36', '/admin/adauga-produs/', 'GET', '2025-11-12 18:04:32.165122+00', 1);
INSERT INTO public.proiectapp_accesslog (id, ip_address, user_agent, path, method, "timestamp", user_id) VALUES (126, '127.0.0.1', 'Mozilla/5.0 (X11; Linux x86_64) AppleWebKit/537.36 (KHTML, like Gecko) Chrome/142.0.0.0 Safari/537.36', '/admin/adauga-produs/', 'GET', '2025-11-12 18:05:16.690257+00', 1);
INSERT INTO public.proiectapp_accesslog (id, ip_address, user_agent, path, method, "timestamp", user_id) VALUES (127, '127.0.0.1', 'Mozilla/5.0 (X11; Linux x86_64) AppleWebKit/537.36 (KHTML, like Gecko) Chrome/142.0.0.0 Safari/537.36', '/admin/adauga-produs/', 'GET', '2025-11-12 18:05:56.989513+00', 1);
INSERT INTO public.proiectapp_accesslog (id, ip_address, user_agent, path, method, "timestamp", user_id) VALUES (128, '127.0.0.1', 'Mozilla/5.0 (X11; Linux x86_64) AppleWebKit/537.36 (KHTML, like Gecko) Chrome/142.0.0.0 Safari/537.36', '/admin/adauga-produs/', 'GET', '2025-11-12 18:10:34.718181+00', 1);
INSERT INTO public.proiectapp_accesslog (id, ip_address, user_agent, path, method, "timestamp", user_id) VALUES (129, '127.0.0.1', 'Mozilla/5.0 (X11; Linux x86_64) AppleWebKit/537.36 (KHTML, like Gecko) Chrome/142.0.0.0 Safari/537.36', '/favicon.ico', 'GET', '2025-11-12 18:10:34.799153+00', 1);
INSERT INTO public.proiectapp_accesslog (id, ip_address, user_agent, path, method, "timestamp", user_id) VALUES (130, '127.0.0.1', 'Mozilla/5.0 (X11; Linux x86_64) AppleWebKit/537.36 (KHTML, like Gecko) Chrome/142.0.0.0 Safari/537.36', '/admin/adauga-produs/', 'GET', '2025-11-12 18:10:35.799674+00', 1);
INSERT INTO public.proiectapp_accesslog (id, ip_address, user_agent, path, method, "timestamp", user_id) VALUES (131, '127.0.0.1', 'Mozilla/5.0 (X11; Linux x86_64) AppleWebKit/537.36 (KHTML, like Gecko) Chrome/142.0.0.0 Safari/537.36', '/favicon.ico', 'GET', '2025-11-12 18:10:35.906493+00', 1);
INSERT INTO public.proiectapp_accesslog (id, ip_address, user_agent, path, method, "timestamp", user_id) VALUES (132, '127.0.0.1', 'Mozilla/5.0 (X11; Linux x86_64) AppleWebKit/537.36 (KHTML, like Gecko) Chrome/142.0.0.0 Safari/537.36', '/admin/adauga-produs/', 'GET', '2025-11-12 18:10:36.201414+00', 1);
INSERT INTO public.proiectapp_accesslog (id, ip_address, user_agent, path, method, "timestamp", user_id) VALUES (133, '127.0.0.1', 'Mozilla/5.0 (X11; Linux x86_64) AppleWebKit/537.36 (KHTML, like Gecko) Chrome/142.0.0.0 Safari/537.36', '/favicon.ico', 'GET', '2025-11-12 18:10:36.276764+00', 1);
INSERT INTO public.proiectapp_accesslog (id, ip_address, user_agent, path, method, "timestamp", user_id) VALUES (134, '127.0.0.1', 'Mozilla/5.0 (X11; Linux x86_64) AppleWebKit/537.36 (KHTML, like Gecko) Chrome/142.0.0.0 Safari/537.36', '/admin/adauga-produs/', 'GET', '2025-11-12 18:10:36.842698+00', 1);
INSERT INTO public.proiectapp_accesslog (id, ip_address, user_agent, path, method, "timestamp", user_id) VALUES (135, '127.0.0.1', 'Mozilla/5.0 (X11; Linux x86_64) AppleWebKit/537.36 (KHTML, like Gecko) Chrome/142.0.0.0 Safari/537.36', '/favicon.ico', 'GET', '2025-11-12 18:10:36.925023+00', 1);
INSERT INTO public.proiectapp_accesslog (id, ip_address, user_agent, path, method, "timestamp", user_id) VALUES (136, '127.0.0.1', 'Mozilla/5.0 (X11; Linux x86_64) AppleWebKit/537.36 (KHTML, like Gecko) Chrome/142.0.0.0 Safari/537.36', '/produse/adauga/', 'GET', '2025-11-12 18:13:00.08083+00', 1);
INSERT INTO public.proiectapp_accesslog (id, ip_address, user_agent, path, method, "timestamp", user_id) VALUES (137, '127.0.0.1', 'Mozilla/5.0 (X11; Linux x86_64) AppleWebKit/537.36 (KHTML, like Gecko) Chrome/142.0.0.0 Safari/537.36', '/produse/', 'GET', '2025-11-12 18:13:22.452986+00', 1);
INSERT INTO public.proiectapp_accesslog (id, ip_address, user_agent, path, method, "timestamp", user_id) VALUES (138, '127.0.0.1', 'Mozilla/5.0 (X11; Linux x86_64) AppleWebKit/537.36 (KHTML, like Gecko) Chrome/142.0.0.0 Safari/537.36', '/media/produse_imagini/cent_mk3_3D0UACV.png', 'GET', '2025-11-12 18:13:22.561297+00', 1);
INSERT INTO public.proiectapp_accesslog (id, ip_address, user_agent, path, method, "timestamp", user_id) VALUES (139, '127.0.0.1', 'Mozilla/5.0 (X11; Linux x86_64) AppleWebKit/537.36 (KHTML, like Gecko) Chrome/142.0.0.0 Safari/537.36', '/media/produse_imagini/FV4005.png', 'GET', '2025-11-12 18:13:22.577336+00', 1);
INSERT INTO public.proiectapp_accesslog (id, ip_address, user_agent, path, method, "timestamp", user_id) VALUES (140, '127.0.0.1', 'Mozilla/5.0 (X11; Linux x86_64) AppleWebKit/537.36 (KHTML, like Gecko) Chrome/142.0.0.0 Safari/537.36', '/media/produse_imagini/ferdinand_gVTCOlt.png', 'GET', '2025-11-12 18:13:22.58526+00', 1);
INSERT INTO public.proiectapp_accesslog (id, ip_address, user_agent, path, method, "timestamp", user_id) VALUES (141, '127.0.0.1', 'Mozilla/5.0 (X11; Linux x86_64) AppleWebKit/537.36 (KHTML, like Gecko) Chrome/142.0.0.0 Safari/537.36', '/media/produse_imagini/M1A2_abrams.png', 'GET', '2025-11-12 18:13:22.587601+00', 1);
INSERT INTO public.proiectapp_accesslog (id, ip_address, user_agent, path, method, "timestamp", user_id) VALUES (142, '127.0.0.1', 'Mozilla/5.0 (X11; Linux x86_64) AppleWebKit/537.36 (KHTML, like Gecko) Chrome/142.0.0.0 Safari/537.36', '/media/produse_imagini/gepard.png', 'GET', '2025-11-12 18:13:22.60522+00', 1);
INSERT INTO public.proiectapp_accesslog (id, ip_address, user_agent, path, method, "timestamp", user_id) VALUES (143, '127.0.0.1', 'Mozilla/5.0 (X11; Linux x86_64) AppleWebKit/537.36 (KHTML, like Gecko) Chrome/142.0.0.0 Safari/537.36', '/produse/', 'GET', '2025-11-12 18:13:29.425223+00', 1);
INSERT INTO public.proiectapp_accesslog (id, ip_address, user_agent, path, method, "timestamp", user_id) VALUES (144, '127.0.0.1', 'Mozilla/5.0 (X11; Linux x86_64) AppleWebKit/537.36 (KHTML, like Gecko) Chrome/142.0.0.0 Safari/537.36', '/media/produse_imagini/jumbo_sneaCON.png', 'GET', '2025-11-12 18:13:29.498502+00', 1);
INSERT INTO public.proiectapp_accesslog (id, ip_address, user_agent, path, method, "timestamp", user_id) VALUES (145, '127.0.0.1', 'Mozilla/5.0 (X11; Linux x86_64) AppleWebKit/537.36 (KHTML, like Gecko) Chrome/142.0.0.0 Safari/537.36', '/logout/', 'GET', '2025-11-13 09:03:54.094277+00', NULL);
INSERT INTO public.proiectapp_accesslog (id, ip_address, user_agent, path, method, "timestamp", user_id) VALUES (146, '127.0.0.1', 'Mozilla/5.0 (X11; Linux x86_64) AppleWebKit/537.36 (KHTML, like Gecko) Chrome/142.0.0.0 Safari/537.36', '/', 'GET', '2025-11-13 09:03:54.159546+00', NULL);
INSERT INTO public.proiectapp_accesslog (id, ip_address, user_agent, path, method, "timestamp", user_id) VALUES (147, '127.0.0.1', 'Mozilla/5.0 (X11; Linux x86_64) AppleWebKit/537.36 (KHTML, like Gecko) Chrome/142.0.0.0 Safari/537.36', '/media/serii_imagini/tancuriwwii_1sPaRol.png', 'GET', '2025-11-13 09:03:54.290081+00', NULL);
INSERT INTO public.proiectapp_accesslog (id, ip_address, user_agent, path, method, "timestamp", user_id) VALUES (148, '127.0.0.1', 'Mozilla/5.0 (X11; Linux x86_64) AppleWebKit/537.36 (KHTML, like Gecko) Chrome/142.0.0.0 Safari/537.36', '/media/serii_imagini/antiair.png', 'GET', '2025-11-13 09:03:54.296064+00', NULL);
INSERT INTO public.proiectapp_accesslog (id, ip_address, user_agent, path, method, "timestamp", user_id) VALUES (149, '127.0.0.1', 'Mozilla/5.0 (X11; Linux x86_64) AppleWebKit/537.36 (KHTML, like Gecko) Chrome/142.0.0.0 Safari/537.36', '/media/serii_imagini/tancurimedii.png', 'GET', '2025-11-13 09:03:54.296917+00', NULL);
INSERT INTO public.proiectapp_accesslog (id, ip_address, user_agent, path, method, "timestamp", user_id) VALUES (150, '127.0.0.1', 'Mozilla/5.0 (X11; Linux x86_64) AppleWebKit/537.36 (KHTML, like Gecko) Chrome/142.0.0.0 Safari/537.36', '/login/', 'GET', '2025-11-13 09:04:12.210233+00', NULL);
INSERT INTO public.proiectapp_accesslog (id, ip_address, user_agent, path, method, "timestamp", user_id) VALUES (151, '127.0.0.1', 'Mozilla/5.0 (X11; Linux x86_64) AppleWebKit/537.36 (KHTML, like Gecko) Chrome/142.0.0.0 Safari/537.36', '/login/', 'POST', '2025-11-13 09:04:19.926044+00', 1);
INSERT INTO public.proiectapp_accesslog (id, ip_address, user_agent, path, method, "timestamp", user_id) VALUES (152, '127.0.0.1', 'Mozilla/5.0 (X11; Linux x86_64) AppleWebKit/537.36 (KHTML, like Gecko) Chrome/142.0.0.0 Safari/537.36', '/profil/', 'GET', '2025-11-13 09:04:19.964815+00', 1);
INSERT INTO public.proiectapp_accesslog (id, ip_address, user_agent, path, method, "timestamp", user_id) VALUES (153, '127.0.0.1', 'Mozilla/5.0 (X11; Linux x86_64) AppleWebKit/537.36 (KHTML, like Gecko) Chrome/142.0.0.0 Safari/537.36', '/profil/', 'GET', '2025-11-13 09:08:30.844873+00', 1);
INSERT INTO public.proiectapp_accesslog (id, ip_address, user_agent, path, method, "timestamp", user_id) VALUES (154, '127.0.0.1', 'Mozilla/5.0 (X11; Linux x86_64) AppleWebKit/537.36 (KHTML, like Gecko) Chrome/142.0.0.0 Safari/537.36', '/logout/', 'GET', '2025-11-13 11:06:50.409424+00', NULL);
INSERT INTO public.proiectapp_accesslog (id, ip_address, user_agent, path, method, "timestamp", user_id) VALUES (155, '127.0.0.1', 'Mozilla/5.0 (X11; Linux x86_64) AppleWebKit/537.36 (KHTML, like Gecko) Chrome/142.0.0.0 Safari/537.36', '/', 'GET', '2025-11-13 11:06:50.567745+00', NULL);
INSERT INTO public.proiectapp_accesslog (id, ip_address, user_agent, path, method, "timestamp", user_id) VALUES (156, '127.0.0.1', 'Mozilla/5.0 (X11; Linux x86_64) AppleWebKit/537.36 (KHTML, like Gecko) Chrome/142.0.0.0 Safari/537.36', '/media/serii_imagini/tancgreu.png', 'GET', '2025-11-13 11:06:50.708645+00', NULL);
INSERT INTO public.proiectapp_accesslog (id, ip_address, user_agent, path, method, "timestamp", user_id) VALUES (157, '127.0.0.1', 'Mozilla/5.0 (X11; Linux x86_64) AppleWebKit/537.36 (KHTML, like Gecko) Chrome/142.0.0.0 Safari/537.36', '/login/', 'GET', '2025-11-13 11:06:54.216547+00', NULL);
INSERT INTO public.proiectapp_accesslog (id, ip_address, user_agent, path, method, "timestamp", user_id) VALUES (158, '127.0.0.1', 'Mozilla/5.0 (X11; Linux x86_64) AppleWebKit/537.36 (KHTML, like Gecko) Chrome/142.0.0.0 Safari/537.36', '/login/', 'GET', '2025-11-13 11:07:11.040368+00', NULL);
INSERT INTO public.proiectapp_accesslog (id, ip_address, user_agent, path, method, "timestamp", user_id) VALUES (159, '127.0.0.1', 'Mozilla/5.0 (X11; Linux x86_64) AppleWebKit/537.36 (KHTML, like Gecko) Chrome/142.0.0.0 Safari/537.36', '/login/', 'POST', '2025-11-13 11:07:15.822423+00', 1);
INSERT INTO public.proiectapp_accesslog (id, ip_address, user_agent, path, method, "timestamp", user_id) VALUES (160, '127.0.0.1', 'Mozilla/5.0 (X11; Linux x86_64) AppleWebKit/537.36 (KHTML, like Gecko) Chrome/142.0.0.0 Safari/537.36', '/profil/', 'GET', '2025-11-13 11:07:15.913929+00', 1);
INSERT INTO public.proiectapp_accesslog (id, ip_address, user_agent, path, method, "timestamp", user_id) VALUES (161, '127.0.0.1', 'Mozilla/5.0 (X11; Linux x86_64) AppleWebKit/537.36 (KHTML, like Gecko) Chrome/142.0.0.0 Safari/537.36', '/profil/', 'GET', '2025-11-13 11:07:19.994936+00', 1);
INSERT INTO public.proiectapp_accesslog (id, ip_address, user_agent, path, method, "timestamp", user_id) VALUES (162, '127.0.0.1', 'Mozilla/5.0 (X11; Linux x86_64) AppleWebKit/537.36 (KHTML, like Gecko) Chrome/142.0.0.0 Safari/537.36', '/logout/', 'GET', '2025-11-13 11:26:21.532277+00', NULL);
INSERT INTO public.proiectapp_accesslog (id, ip_address, user_agent, path, method, "timestamp", user_id) VALUES (163, '127.0.0.1', 'Mozilla/5.0 (X11; Linux x86_64) AppleWebKit/537.36 (KHTML, like Gecko) Chrome/142.0.0.0 Safari/537.36', '/', 'GET', '2025-11-13 11:26:21.708519+00', NULL);
INSERT INTO public.proiectapp_accesslog (id, ip_address, user_agent, path, method, "timestamp", user_id) VALUES (164, '127.0.0.1', 'Mozilla/5.0 (X11; Linux x86_64) AppleWebKit/537.36 (KHTML, like Gecko) Chrome/142.0.0.0 Safari/537.36', '/media/serii_imagini/tancurimdrn.png', 'GET', '2025-11-13 11:26:21.985597+00', NULL);
INSERT INTO public.proiectapp_accesslog (id, ip_address, user_agent, path, method, "timestamp", user_id) VALUES (165, '127.0.0.1', 'Mozilla/5.0 (X11; Linux x86_64) AppleWebKit/537.36 (KHTML, like Gecko) Chrome/142.0.0.0 Safari/537.36', '/media/serii_imagini/wwII.png', 'GET', '2025-11-13 11:26:21.989459+00', NULL);
INSERT INTO public.proiectapp_accesslog (id, ip_address, user_agent, path, method, "timestamp", user_id) VALUES (166, '127.0.0.1', 'Mozilla/5.0 (X11; Linux x86_64) AppleWebKit/537.36 (KHTML, like Gecko) Chrome/142.0.0.0 Safari/537.36', '/media/serii_imagini/tancurimedii.png', 'GET', '2025-11-13 11:26:21.992262+00', NULL);
INSERT INTO public.proiectapp_accesslog (id, ip_address, user_agent, path, method, "timestamp", user_id) VALUES (167, '127.0.0.1', 'Mozilla/5.0 (X11; Linux x86_64) AppleWebKit/537.36 (KHTML, like Gecko) Chrome/142.0.0.0 Safari/537.36', '/register/', 'GET', '2025-11-13 11:26:23.457977+00', NULL);
INSERT INTO public.proiectapp_accesslog (id, ip_address, user_agent, path, method, "timestamp", user_id) VALUES (168, '127.0.0.1', 'Mozilla/5.0 (X11; Linux x86_64) AppleWebKit/537.36 (KHTML, like Gecko) Chrome/142.0.0.0 Safari/537.36', '/register/', 'GET', '2025-11-13 11:27:52.773723+00', NULL);
INSERT INTO public.proiectapp_accesslog (id, ip_address, user_agent, path, method, "timestamp", user_id) VALUES (169, '127.0.0.1', 'Mozilla/5.0 (X11; Linux x86_64) AppleWebKit/537.36 (KHTML, like Gecko) Chrome/142.0.0.0 Safari/537.36', '/', 'GET', '2025-11-13 11:28:08.659571+00', NULL);
INSERT INTO public.proiectapp_accesslog (id, ip_address, user_agent, path, method, "timestamp", user_id) VALUES (170, '127.0.0.1', 'Mozilla/5.0 (X11; Linux x86_64) AppleWebKit/537.36 (KHTML, like Gecko) Chrome/142.0.0.0 Safari/537.36', '/media/serii_imagini/artilerie.png', 'GET', '2025-11-13 11:28:08.893635+00', NULL);
INSERT INTO public.proiectapp_accesslog (id, ip_address, user_agent, path, method, "timestamp", user_id) VALUES (171, '127.0.0.1', 'Mozilla/5.0 (X11; Linux x86_64) AppleWebKit/537.36 (KHTML, like Gecko) Chrome/142.0.0.0 Safari/537.36', '/serii/', 'GET', '2025-11-13 11:28:18.337623+00', NULL);
INSERT INTO public.proiectapp_accesslog (id, ip_address, user_agent, path, method, "timestamp", user_id) VALUES (172, '127.0.0.1', 'Mozilla/5.0 (X11; Linux x86_64) AppleWebKit/537.36 (KHTML, like Gecko) Chrome/142.0.0.0 Safari/537.36', '/media/serii_imagini/tancgreu.png', 'GET', '2025-11-13 11:28:18.549711+00', NULL);
INSERT INTO public.proiectapp_accesslog (id, ip_address, user_agent, path, method, "timestamp", user_id) VALUES (173, '127.0.0.1', 'Mozilla/5.0 (X11; Linux x86_64) AppleWebKit/537.36 (KHTML, like Gecko) Chrome/142.0.0.0 Safari/537.36', '/media/serii_imagini/antiair.png', 'GET', '2025-11-13 11:28:18.560399+00', NULL);
INSERT INTO public.proiectapp_accesslog (id, ip_address, user_agent, path, method, "timestamp", user_id) VALUES (174, '127.0.0.1', 'Mozilla/5.0 (X11; Linux x86_64) AppleWebKit/537.36 (KHTML, like Gecko) Chrome/142.0.0.0 Safari/537.36', '/produse/', 'GET', '2025-11-13 11:28:20.362709+00', NULL);
INSERT INTO public.proiectapp_accesslog (id, ip_address, user_agent, path, method, "timestamp", user_id) VALUES (175, '127.0.0.1', 'Mozilla/5.0 (X11; Linux x86_64) AppleWebKit/537.36 (KHTML, like Gecko) Chrome/142.0.0.0 Safari/537.36', '/media/produse_imagini/cent_mk3_3D0UACV.png', 'GET', '2025-11-13 11:28:20.580394+00', NULL);
INSERT INTO public.proiectapp_accesslog (id, ip_address, user_agent, path, method, "timestamp", user_id) VALUES (176, '127.0.0.1', 'Mozilla/5.0 (X11; Linux x86_64) AppleWebKit/537.36 (KHTML, like Gecko) Chrome/142.0.0.0 Safari/537.36', '/media/produse_imagini/FV4005.png', 'GET', '2025-11-13 11:28:20.599025+00', NULL);
INSERT INTO public.proiectapp_accesslog (id, ip_address, user_agent, path, method, "timestamp", user_id) VALUES (177, '127.0.0.1', 'Mozilla/5.0 (X11; Linux x86_64) AppleWebKit/537.36 (KHTML, like Gecko) Chrome/142.0.0.0 Safari/537.36', '/media/produse_imagini/gepard.png', 'GET', '2025-11-13 11:28:20.608445+00', NULL);
INSERT INTO public.proiectapp_accesslog (id, ip_address, user_agent, path, method, "timestamp", user_id) VALUES (178, '127.0.0.1', 'Mozilla/5.0 (X11; Linux x86_64) AppleWebKit/537.36 (KHTML, like Gecko) Chrome/142.0.0.0 Safari/537.36', '/media/produse_imagini/ferdinand_gVTCOlt.png', 'GET', '2025-11-13 11:28:20.619176+00', NULL);
INSERT INTO public.proiectapp_accesslog (id, ip_address, user_agent, path, method, "timestamp", user_id) VALUES (179, '127.0.0.1', 'Mozilla/5.0 (X11; Linux x86_64) AppleWebKit/537.36 (KHTML, like Gecko) Chrome/142.0.0.0 Safari/537.36', '/media/produse_imagini/M1A2_abrams.png', 'GET', '2025-11-13 11:28:20.64175+00', NULL);
INSERT INTO public.proiectapp_accesslog (id, ip_address, user_agent, path, method, "timestamp", user_id) VALUES (180, '127.0.0.1', 'Mozilla/5.0 (X11; Linux x86_64) AppleWebKit/537.36 (KHTML, like Gecko) Chrome/142.0.0.0 Safari/537.36', '/', 'GET', '2025-11-13 11:28:41.853647+00', NULL);
INSERT INTO public.proiectapp_accesslog (id, ip_address, user_agent, path, method, "timestamp", user_id) VALUES (181, '127.0.0.1', 'Mozilla/5.0 (X11; Linux x86_64) AppleWebKit/537.36 (KHTML, like Gecko) Chrome/142.0.0.0 Safari/537.36', '/media/serii_imagini/tancuriusoare.png', 'GET', '2025-11-13 11:28:42.080256+00', NULL);
INSERT INTO public.proiectapp_accesslog (id, ip_address, user_agent, path, method, "timestamp", user_id) VALUES (182, '127.0.0.1', 'Mozilla/5.0 (X11; Linux x86_64) AppleWebKit/537.36 (KHTML, like Gecko) Chrome/142.0.0.0 Safari/537.36', '/', 'GET', '2025-11-19 19:47:50.030287+00', NULL);
INSERT INTO public.proiectapp_accesslog (id, ip_address, user_agent, path, method, "timestamp", user_id) VALUES (183, '127.0.0.1', 'Mozilla/5.0 (X11; Linux x86_64) AppleWebKit/537.36 (KHTML, like Gecko) Chrome/142.0.0.0 Safari/537.36', '/media/serii_imagini/tancurimedii.png', 'GET', '2025-11-19 19:47:50.20114+00', NULL);
INSERT INTO public.proiectapp_accesslog (id, ip_address, user_agent, path, method, "timestamp", user_id) VALUES (184, '127.0.0.1', 'Mozilla/5.0 (X11; Linux x86_64) AppleWebKit/537.36 (KHTML, like Gecko) Chrome/142.0.0.0 Safari/537.36', '/media/serii_imagini/tancuriusoare.png', 'GET', '2025-11-19 19:47:50.227008+00', NULL);
INSERT INTO public.proiectapp_accesslog (id, ip_address, user_agent, path, method, "timestamp", user_id) VALUES (185, '127.0.0.1', 'Mozilla/5.0 (X11; Linux x86_64) AppleWebKit/537.36 (KHTML, like Gecko) Chrome/142.0.0.0 Safari/537.36', '/media/serii_imagini/antiair.png', 'GET', '2025-11-19 19:47:50.238689+00', NULL);
INSERT INTO public.proiectapp_accesslog (id, ip_address, user_agent, path, method, "timestamp", user_id) VALUES (186, '127.0.0.1', 'Mozilla/5.0 (X11; Linux x86_64) AppleWebKit/537.36 (KHTML, like Gecko) Chrome/142.0.0.0 Safari/537.36', '/favicon.ico', 'GET', '2025-11-19 19:47:50.441954+00', NULL);
INSERT INTO public.proiectapp_accesslog (id, ip_address, user_agent, path, method, "timestamp", user_id) VALUES (187, '127.0.0.1', 'Mozilla/5.0 (X11; Linux x86_64) AppleWebKit/537.36 (KHTML, like Gecko) Chrome/142.0.0.0 Safari/537.36', '/produse/', 'GET', '2025-11-19 19:47:53.222497+00', NULL);
INSERT INTO public.proiectapp_accesslog (id, ip_address, user_agent, path, method, "timestamp", user_id) VALUES (188, '127.0.0.1', 'Mozilla/5.0 (X11; Linux x86_64) AppleWebKit/537.36 (KHTML, like Gecko) Chrome/142.0.0.0 Safari/537.36', '/media/produse_imagini/gepard.png', 'GET', '2025-11-19 19:47:53.324422+00', NULL);
INSERT INTO public.proiectapp_accesslog (id, ip_address, user_agent, path, method, "timestamp", user_id) VALUES (189, '127.0.0.1', 'Mozilla/5.0 (X11; Linux x86_64) AppleWebKit/537.36 (KHTML, like Gecko) Chrome/142.0.0.0 Safari/537.36', '/media/produse_imagini/FV4005.png', 'GET', '2025-11-19 19:47:53.338279+00', NULL);
INSERT INTO public.proiectapp_accesslog (id, ip_address, user_agent, path, method, "timestamp", user_id) VALUES (190, '127.0.0.1', 'Mozilla/5.0 (X11; Linux x86_64) AppleWebKit/537.36 (KHTML, like Gecko) Chrome/142.0.0.0 Safari/537.36', '/media/produse_imagini/cent_mk3_3D0UACV.png', 'GET', '2025-11-19 19:47:53.344815+00', NULL);
INSERT INTO public.proiectapp_accesslog (id, ip_address, user_agent, path, method, "timestamp", user_id) VALUES (191, '127.0.0.1', 'Mozilla/5.0 (X11; Linux x86_64) AppleWebKit/537.36 (KHTML, like Gecko) Chrome/142.0.0.0 Safari/537.36', '/media/produse_imagini/ferdinand_gVTCOlt.png', 'GET', '2025-11-19 19:47:53.352147+00', NULL);
INSERT INTO public.proiectapp_accesslog (id, ip_address, user_agent, path, method, "timestamp", user_id) VALUES (192, '127.0.0.1', 'Mozilla/5.0 (X11; Linux x86_64) AppleWebKit/537.36 (KHTML, like Gecko) Chrome/142.0.0.0 Safari/537.36', '/media/produse_imagini/M1A2_abrams.png', 'GET', '2025-11-19 19:47:53.352899+00', NULL);
INSERT INTO public.proiectapp_accesslog (id, ip_address, user_agent, path, method, "timestamp", user_id) VALUES (193, '127.0.0.1', 'Mozilla/5.0 (X11; Linux x86_64) AppleWebKit/537.36 (KHTML, like Gecko) Chrome/142.0.0.0 Safari/537.36', '/categorii', 'GET', '2025-11-19 20:56:52.614362+00', NULL);
INSERT INTO public.proiectapp_accesslog (id, ip_address, user_agent, path, method, "timestamp", user_id) VALUES (194, '127.0.0.1', 'Mozilla/5.0 (X11; Linux x86_64) AppleWebKit/537.36 (KHTML, like Gecko) Chrome/142.0.0.0 Safari/537.36', '/categorii/Tancuri Britanice/', 'GET', '2025-11-19 20:57:09.783519+00', NULL);
INSERT INTO public.proiectapp_accesslog (id, ip_address, user_agent, path, method, "timestamp", user_id) VALUES (195, '127.0.0.1', 'Mozilla/5.0 (X11; Linux x86_64) AppleWebKit/537.36 (KHTML, like Gecko) Chrome/142.0.0.0 Safari/537.36', '/produse/', 'GET', '2025-11-19 21:20:38.378102+00', NULL);
INSERT INTO public.proiectapp_accesslog (id, ip_address, user_agent, path, method, "timestamp", user_id) VALUES (196, '127.0.0.1', 'Mozilla/5.0 (X11; Linux x86_64) AppleWebKit/537.36 (KHTML, like Gecko) Chrome/142.0.0.0 Safari/537.36', '/adauga_produs', 'GET', '2025-11-19 21:21:33.673143+00', NULL);
INSERT INTO public.proiectapp_accesslog (id, ip_address, user_agent, path, method, "timestamp", user_id) VALUES (197, '127.0.0.1', 'Mozilla/5.0 (X11; Linux x86_64) AppleWebKit/537.36 (KHTML, like Gecko) Chrome/142.0.0.0 Safari/537.36', '/adauga_produs/', 'GET', '2025-11-19 21:21:39.124187+00', NULL);
INSERT INTO public.proiectapp_accesslog (id, ip_address, user_agent, path, method, "timestamp", user_id) VALUES (198, '127.0.0.1', 'Mozilla/5.0 (X11; Linux x86_64) AppleWebKit/537.36 (KHTML, like Gecko) Chrome/142.0.0.0 Safari/537.36', '/produse/adauga/', 'GET', '2025-11-19 21:22:02.549602+00', NULL);
INSERT INTO public.proiectapp_accesslog (id, ip_address, user_agent, path, method, "timestamp", user_id) VALUES (199, '127.0.0.1', 'Mozilla/5.0 (X11; Linux x86_64) AppleWebKit/537.36 (KHTML, like Gecko) Chrome/142.0.0.0 Safari/537.36', '/produse/', 'GET', '2025-11-19 21:37:52.164197+00', NULL);
INSERT INTO public.proiectapp_accesslog (id, ip_address, user_agent, path, method, "timestamp", user_id) VALUES (200, '127.0.0.1', 'Mozilla/5.0 (X11; Linux x86_64) AppleWebKit/537.36 (KHTML, like Gecko) Chrome/142.0.0.0 Safari/537.36', '/categorii/Tancuri Britanice/', 'GET', '2025-11-19 21:37:55.520468+00', NULL);
INSERT INTO public.proiectapp_accesslog (id, ip_address, user_agent, path, method, "timestamp", user_id) VALUES (201, '127.0.0.1', 'Mozilla/5.0 (X11; Linux x86_64) AppleWebKit/537.36 (KHTML, like Gecko) Chrome/142.0.0.0 Safari/537.36', '/categorii/Tancuri Britanice/', 'GET', '2025-11-19 21:40:23.063953+00', NULL);
INSERT INTO public.proiectapp_accesslog (id, ip_address, user_agent, path, method, "timestamp", user_id) VALUES (202, '127.0.0.1', 'Mozilla/5.0 (X11; Linux x86_64) AppleWebKit/537.36 (KHTML, like Gecko) Chrome/142.0.0.0 Safari/537.36', '/categorii/Tancuri Britanice/', 'GET', '2025-11-19 21:41:17.194992+00', NULL);
INSERT INTO public.proiectapp_accesslog (id, ip_address, user_agent, path, method, "timestamp", user_id) VALUES (203, '127.0.0.1', 'Mozilla/5.0 (X11; Linux x86_64) AppleWebKit/537.36 (KHTML, like Gecko) Chrome/142.0.0.0 Safari/537.36', '/produse/', 'GET', '2025-11-19 21:41:19.181909+00', NULL);
INSERT INTO public.proiectapp_accesslog (id, ip_address, user_agent, path, method, "timestamp", user_id) VALUES (204, '127.0.0.1', 'Mozilla/5.0 (X11; Linux x86_64) AppleWebKit/537.36 (KHTML, like Gecko) Chrome/142.0.0.0 Safari/537.36', '/categorii/Tancuri Britanice/', 'GET', '2025-11-19 21:59:33.771364+00', NULL);
INSERT INTO public.proiectapp_accesslog (id, ip_address, user_agent, path, method, "timestamp", user_id) VALUES (205, '127.0.0.1', 'Mozilla/5.0 (X11; Linux x86_64) AppleWebKit/537.36 (KHTML, like Gecko) Chrome/142.0.0.0 Safari/537.36', '/categorii/Tancuri Britanice/', 'GET', '2025-11-19 22:00:53.739338+00', NULL);
INSERT INTO public.proiectapp_accesslog (id, ip_address, user_agent, path, method, "timestamp", user_id) VALUES (206, '127.0.0.1', 'Mozilla/5.0 (X11; Linux x86_64) AppleWebKit/537.36 (KHTML, like Gecko) Chrome/142.0.0.0 Safari/537.36', '/categorii/Tancuri Britanice/', 'GET', '2025-11-19 22:01:03.634104+00', NULL);
INSERT INTO public.proiectapp_accesslog (id, ip_address, user_agent, path, method, "timestamp", user_id) VALUES (207, '127.0.0.1', 'Mozilla/5.0 (X11; Linux x86_64) AppleWebKit/537.36 (KHTML, like Gecko) Chrome/142.0.0.0 Safari/537.36', '/categorii/Tancuri Britanice/', 'GET', '2025-11-19 22:01:05.300678+00', NULL);
INSERT INTO public.proiectapp_accesslog (id, ip_address, user_agent, path, method, "timestamp", user_id) VALUES (208, '127.0.0.1', 'Mozilla/5.0 (X11; Linux x86_64) AppleWebKit/537.36 (KHTML, like Gecko) Chrome/142.0.0.0 Safari/537.36', '/media/produse_imagini/cent_mk3_3D0UACV.png', 'GET', '2025-11-19 22:01:05.363235+00', NULL);
INSERT INTO public.proiectapp_accesslog (id, ip_address, user_agent, path, method, "timestamp", user_id) VALUES (209, '127.0.0.1', 'Mozilla/5.0 (X11; Linux x86_64) AppleWebKit/537.36 (KHTML, like Gecko) Chrome/142.0.0.0 Safari/537.36', '/media/produse_imagini/FV4005.png', 'GET', '2025-11-19 22:01:05.365186+00', NULL);
INSERT INTO public.proiectapp_accesslog (id, ip_address, user_agent, path, method, "timestamp", user_id) VALUES (210, '127.0.0.1', 'Mozilla/5.0 (X11; Linux x86_64) AppleWebKit/537.36 (KHTML, like Gecko) Chrome/142.0.0.0 Safari/537.36', '/favicon.ico', 'GET', '2025-11-19 22:01:10.604119+00', NULL);
INSERT INTO public.proiectapp_accesslog (id, ip_address, user_agent, path, method, "timestamp", user_id) VALUES (211, '127.0.0.1', 'Mozilla/5.0 (X11; Linux x86_64) AppleWebKit/537.36 (KHTML, like Gecko) Chrome/142.0.0.0 Safari/537.36', '/categorii/Tancuri Britanice/', 'GET', '2025-11-19 22:01:39.653153+00', NULL);
INSERT INTO public.proiectapp_accesslog (id, ip_address, user_agent, path, method, "timestamp", user_id) VALUES (212, '127.0.0.1', 'Mozilla/5.0 (X11; Linux x86_64) AppleWebKit/537.36 (KHTML, like Gecko) Chrome/142.0.0.0 Safari/537.36', '/produse/', 'GET', '2025-11-19 22:20:12.379656+00', NULL);
INSERT INTO public.proiectapp_accesslog (id, ip_address, user_agent, path, method, "timestamp", user_id) VALUES (213, '127.0.0.1', 'Mozilla/5.0 (X11; Linux x86_64) AppleWebKit/537.36 (KHTML, like Gecko) Chrome/142.0.0.0 Safari/537.36', '/produse/adauga/', 'GET', '2025-11-19 22:20:16.783241+00', NULL);
INSERT INTO public.proiectapp_accesslog (id, ip_address, user_agent, path, method, "timestamp", user_id) VALUES (214, '127.0.0.1', 'Mozilla/5.0 (X11; Linux x86_64) AppleWebKit/537.36 (KHTML, like Gecko) Chrome/142.0.0.0 Safari/537.36', '/produse/', 'GET', '2025-11-20 08:53:14.909199+00', NULL);
INSERT INTO public.proiectapp_accesslog (id, ip_address, user_agent, path, method, "timestamp", user_id) VALUES (215, '127.0.0.1', 'Mozilla/5.0 (X11; Linux x86_64) AppleWebKit/537.36 (KHTML, like Gecko) Chrome/142.0.0.0 Safari/537.36', '/produse/', 'GET', '2025-11-20 09:27:07.14158+00', NULL);
INSERT INTO public.proiectapp_accesslog (id, ip_address, user_agent, path, method, "timestamp", user_id) VALUES (216, '127.0.0.1', 'Mozilla/5.0 (X11; Linux x86_64) AppleWebKit/537.36 (KHTML, like Gecko) Chrome/142.0.0.0 Safari/537.36', '/media/produse_imagini/M60Patton.png', 'GET', '2025-11-20 09:27:07.270643+00', NULL);
INSERT INTO public.proiectapp_accesslog (id, ip_address, user_agent, path, method, "timestamp", user_id) VALUES (217, '127.0.0.1', 'Mozilla/5.0 (X11; Linux x86_64) AppleWebKit/537.36 (KHTML, like Gecko) Chrome/142.0.0.0 Safari/537.36', '/produse/', 'GET', '2025-11-20 09:27:14.714451+00', NULL);
INSERT INTO public.proiectapp_accesslog (id, ip_address, user_agent, path, method, "timestamp", user_id) VALUES (218, '127.0.0.1', 'Mozilla/5.0 (X11; Linux x86_64) AppleWebKit/537.36 (KHTML, like Gecko) Chrome/142.0.0.0 Safari/537.36', '/produse/', 'GET', '2025-11-20 09:27:57.593062+00', NULL);
INSERT INTO public.proiectapp_accesslog (id, ip_address, user_agent, path, method, "timestamp", user_id) VALUES (219, '127.0.0.1', 'Mozilla/5.0 (X11; Linux x86_64) AppleWebKit/537.36 (KHTML, like Gecko) Chrome/142.0.0.0 Safari/537.36', '/produse/', 'GET', '2025-11-20 09:32:04.83661+00', NULL);
INSERT INTO public.proiectapp_accesslog (id, ip_address, user_agent, path, method, "timestamp", user_id) VALUES (220, '127.0.0.1', 'Mozilla/5.0 (X11; Linux x86_64) AppleWebKit/537.36 (KHTML, like Gecko) Chrome/142.0.0.0 Safari/537.36', '/media/produse_imagini/type90.png', 'GET', '2025-11-20 09:32:05.095263+00', NULL);
INSERT INTO public.proiectapp_accesslog (id, ip_address, user_agent, path, method, "timestamp", user_id) VALUES (221, '127.0.0.1', 'Mozilla/5.0 (X11; Linux x86_64) AppleWebKit/537.36 (KHTML, like Gecko) Chrome/142.0.0.0 Safari/537.36', '/media/produse_imagini/M3Bradley_twuiihu.png', 'GET', '2025-11-20 09:32:05.129199+00', NULL);
INSERT INTO public.proiectapp_accesslog (id, ip_address, user_agent, path, method, "timestamp", user_id) VALUES (222, '127.0.0.1', 'Mozilla/5.0 (X11; Linux x86_64) AppleWebKit/537.36 (KHTML, like Gecko) Chrome/142.0.0.0 Safari/537.36', '/media/produse_imagini/strv103.png', 'GET', '2025-11-20 09:32:05.131435+00', NULL);
INSERT INTO public.proiectapp_accesslog (id, ip_address, user_agent, path, method, "timestamp", user_id) VALUES (223, '127.0.0.1', 'Mozilla/5.0 (X11; Linux x86_64) AppleWebKit/537.36 (KHTML, like Gecko) Chrome/142.0.0.0 Safari/537.36', '/media/produse_imagini/somuas35.png', 'GET', '2025-11-20 09:32:05.13369+00', NULL);
INSERT INTO public.proiectapp_accesslog (id, ip_address, user_agent, path, method, "timestamp", user_id) VALUES (224, '127.0.0.1', 'Mozilla/5.0 (X11; Linux x86_64) AppleWebKit/537.36 (KHTML, like Gecko) Chrome/142.0.0.0 Safari/537.36', '/media/produse_imagini/ZTZ-99.png', 'GET', '2025-11-20 09:32:05.136939+00', NULL);
INSERT INTO public.proiectapp_accesslog (id, ip_address, user_agent, path, method, "timestamp", user_id) VALUES (225, '127.0.0.1', 'Mozilla/5.0 (X11; Linux x86_64) AppleWebKit/537.36 (KHTML, like Gecko) Chrome/142.0.0.0 Safari/537.36', '/produse/', 'GET', '2025-11-20 09:32:11.973581+00', NULL);
INSERT INTO public.proiectapp_accesslog (id, ip_address, user_agent, path, method, "timestamp", user_id) VALUES (226, '127.0.0.1', 'Mozilla/5.0 (X11; Linux x86_64) AppleWebKit/537.36 (KHTML, like Gecko) Chrome/142.0.0.0 Safari/537.36', '/produse/', 'GET', '2025-11-20 09:36:35.756956+00', NULL);
INSERT INTO public.proiectapp_accesslog (id, ip_address, user_agent, path, method, "timestamp", user_id) VALUES (227, '127.0.0.1', 'Mozilla/5.0 (X11; Linux x86_64) AppleWebKit/537.36 (KHTML, like Gecko) Chrome/142.0.0.0 Safari/537.36', '/produse/', 'GET', '2025-11-20 09:36:45.792817+00', NULL);
INSERT INTO public.proiectapp_accesslog (id, ip_address, user_agent, path, method, "timestamp", user_id) VALUES (228, '127.0.0.1', 'Mozilla/5.0 (X11; Linux x86_64) AppleWebKit/537.36 (KHTML, like Gecko) Chrome/142.0.0.0 Safari/537.36', '/media/produse_imagini/MAUS_sLsob8O.png', 'GET', '2025-11-20 09:36:46.085276+00', NULL);
INSERT INTO public.proiectapp_accesslog (id, ip_address, user_agent, path, method, "timestamp", user_id) VALUES (229, '127.0.0.1', 'Mozilla/5.0 (X11; Linux x86_64) AppleWebKit/537.36 (KHTML, like Gecko) Chrome/142.0.0.0 Safari/537.36', '/media/produse_imagini/tiger1.png', 'GET', '2025-11-20 09:36:46.086835+00', NULL);
INSERT INTO public.proiectapp_accesslog (id, ip_address, user_agent, path, method, "timestamp", user_id) VALUES (230, '127.0.0.1', 'Mozilla/5.0 (X11; Linux x86_64) AppleWebKit/537.36 (KHTML, like Gecko) Chrome/142.0.0.0 Safari/537.36', '/media/produse_imagini/jumbo_sneaCON.png', 'GET', '2025-11-20 09:36:46.089736+00', NULL);
INSERT INTO public.proiectapp_accesslog (id, ip_address, user_agent, path, method, "timestamp", user_id) VALUES (231, '127.0.0.1', 'Mozilla/5.0 (X11; Linux x86_64) AppleWebKit/537.36 (KHTML, like Gecko) Chrome/142.0.0.0 Safari/537.36', '/media/produse_imagini/t34-85.png', 'GET', '2025-11-20 09:36:46.098229+00', NULL);
INSERT INTO public.proiectapp_accesslog (id, ip_address, user_agent, path, method, "timestamp", user_id) VALUES (232, '127.0.0.1', 'Mozilla/5.0 (X11; Linux x86_64) AppleWebKit/537.36 (KHTML, like Gecko) Chrome/142.0.0.0 Safari/537.36', '/media/produse_imagini/t55.png', 'GET', '2025-11-20 09:36:46.148227+00', NULL);
INSERT INTO public.proiectapp_accesslog (id, ip_address, user_agent, path, method, "timestamp", user_id) VALUES (233, '127.0.0.1', 'Mozilla/5.0 (X11; Linux x86_64) AppleWebKit/537.36 (KHTML, like Gecko) Chrome/142.0.0.0 Safari/537.36', '/produse/', 'GET', '2025-11-20 09:36:54.292578+00', NULL);
INSERT INTO public.proiectapp_accesslog (id, ip_address, user_agent, path, method, "timestamp", user_id) VALUES (234, '127.0.0.1', 'Mozilla/5.0 (X11; Linux x86_64) AppleWebKit/537.36 (KHTML, like Gecko) Chrome/142.0.0.0 Safari/537.36', '/produse/', 'GET', '2025-11-20 09:37:16.579498+00', NULL);
INSERT INTO public.proiectapp_accesslog (id, ip_address, user_agent, path, method, "timestamp", user_id) VALUES (235, '127.0.0.1', 'Mozilla/5.0 (X11; Linux x86_64) AppleWebKit/537.36 (KHTML, like Gecko) Chrome/142.0.0.0 Safari/537.36', '/produse/', 'GET', '2025-11-20 09:37:20.076141+00', NULL);
INSERT INTO public.proiectapp_accesslog (id, ip_address, user_agent, path, method, "timestamp", user_id) VALUES (236, '127.0.0.1', 'Mozilla/5.0 (X11; Linux x86_64) AppleWebKit/537.36 (KHTML, like Gecko) Chrome/142.0.0.0 Safari/537.36', '/produse/', 'GET', '2025-11-20 09:55:01.091582+00', NULL);
INSERT INTO public.proiectapp_accesslog (id, ip_address, user_agent, path, method, "timestamp", user_id) VALUES (237, '127.0.0.1', 'Mozilla/5.0 (X11; Linux x86_64) AppleWebKit/537.36 (KHTML, like Gecko) Chrome/142.0.0.0 Safari/537.36', '/produse/', 'GET', '2025-11-20 09:56:42.734338+00', NULL);
INSERT INTO public.proiectapp_accesslog (id, ip_address, user_agent, path, method, "timestamp", user_id) VALUES (238, '127.0.0.1', 'Mozilla/5.0 (X11; Linux x86_64) AppleWebKit/537.36 (KHTML, like Gecko) Chrome/142.0.0.0 Safari/537.36', '/produse/', 'GET', '2025-11-20 09:56:47.857876+00', NULL);
INSERT INTO public.proiectapp_accesslog (id, ip_address, user_agent, path, method, "timestamp", user_id) VALUES (239, '127.0.0.1', 'Mozilla/5.0 (X11; Linux x86_64) AppleWebKit/537.36 (KHTML, like Gecko) Chrome/142.0.0.0 Safari/537.36', '/produse/', 'GET', '2025-11-20 09:58:27.124694+00', NULL);
INSERT INTO public.proiectapp_accesslog (id, ip_address, user_agent, path, method, "timestamp", user_id) VALUES (240, '127.0.0.1', 'Mozilla/5.0 (X11; Linux x86_64) AppleWebKit/537.36 (KHTML, like Gecko) Chrome/142.0.0.0 Safari/537.36', '/produse/', 'GET', '2025-11-20 09:58:30.514178+00', NULL);
INSERT INTO public.proiectapp_accesslog (id, ip_address, user_agent, path, method, "timestamp", user_id) VALUES (241, '127.0.0.1', 'Mozilla/5.0 (X11; Linux x86_64) AppleWebKit/537.36 (KHTML, like Gecko) Chrome/142.0.0.0 Safari/537.36', '/produse/', 'GET', '2025-11-20 09:58:34.853993+00', NULL);
INSERT INTO public.proiectapp_accesslog (id, ip_address, user_agent, path, method, "timestamp", user_id) VALUES (242, '127.0.0.1', 'Mozilla/5.0 (X11; Linux x86_64) AppleWebKit/537.36 (KHTML, like Gecko) Chrome/142.0.0.0 Safari/537.36', '/produse/', 'GET', '2025-11-20 10:00:04.41668+00', NULL);
INSERT INTO public.proiectapp_accesslog (id, ip_address, user_agent, path, method, "timestamp", user_id) VALUES (243, '127.0.0.1', 'Mozilla/5.0 (X11; Linux x86_64) AppleWebKit/537.36 (KHTML, like Gecko) Chrome/142.0.0.0 Safari/537.36', '/produse/', 'GET', '2025-11-20 10:00:09.67052+00', NULL);
INSERT INTO public.proiectapp_accesslog (id, ip_address, user_agent, path, method, "timestamp", user_id) VALUES (244, '127.0.0.1', 'Mozilla/5.0 (X11; Linux x86_64) AppleWebKit/537.36 (KHTML, like Gecko) Chrome/142.0.0.0 Safari/537.36', '/produse/', 'GET', '2025-11-20 10:00:14.952802+00', NULL);
INSERT INTO public.proiectapp_accesslog (id, ip_address, user_agent, path, method, "timestamp", user_id) VALUES (245, '127.0.0.1', 'Mozilla/5.0 (X11; Linux x86_64) AppleWebKit/537.36 (KHTML, like Gecko) Chrome/142.0.0.0 Safari/537.36', '/produse/', 'GET', '2025-11-20 10:00:25.153125+00', NULL);
INSERT INTO public.proiectapp_accesslog (id, ip_address, user_agent, path, method, "timestamp", user_id) VALUES (246, '127.0.0.1', 'Mozilla/5.0 (X11; Linux x86_64) AppleWebKit/537.36 (KHTML, like Gecko) Chrome/142.0.0.0 Safari/537.36', '/produse/', 'GET', '2025-11-20 10:00:28.279196+00', NULL);
INSERT INTO public.proiectapp_accesslog (id, ip_address, user_agent, path, method, "timestamp", user_id) VALUES (247, '127.0.0.1', 'Mozilla/5.0 (X11; Linux x86_64) AppleWebKit/537.36 (KHTML, like Gecko) Chrome/142.0.0.0 Safari/537.36', '/produse/', 'GET', '2025-11-20 10:00:36.504889+00', NULL);
INSERT INTO public.proiectapp_accesslog (id, ip_address, user_agent, path, method, "timestamp", user_id) VALUES (248, '127.0.0.1', 'Mozilla/5.0 (X11; Linux x86_64) AppleWebKit/537.36 (KHTML, like Gecko) Chrome/142.0.0.0 Safari/537.36', '/produse/', 'GET', '2025-11-20 10:03:35.99218+00', NULL);
INSERT INTO public.proiectapp_accesslog (id, ip_address, user_agent, path, method, "timestamp", user_id) VALUES (249, '127.0.0.1', 'Mozilla/5.0 (X11; Linux x86_64) AppleWebKit/537.36 (KHTML, like Gecko) Chrome/142.0.0.0 Safari/537.36', '/produse/', 'GET', '2025-11-20 10:03:39.145321+00', NULL);
INSERT INTO public.proiectapp_accesslog (id, ip_address, user_agent, path, method, "timestamp", user_id) VALUES (250, '127.0.0.1', 'Mozilla/5.0 (X11; Linux x86_64) AppleWebKit/537.36 (KHTML, like Gecko) Chrome/142.0.0.0 Safari/537.36', '/produse/', 'GET', '2025-11-20 10:03:42.310489+00', NULL);
INSERT INTO public.proiectapp_accesslog (id, ip_address, user_agent, path, method, "timestamp", user_id) VALUES (251, '127.0.0.1', 'Mozilla/5.0 (X11; Linux x86_64) AppleWebKit/537.36 (KHTML, like Gecko) Chrome/142.0.0.0 Safari/537.36', '/', 'GET', '2025-11-20 16:08:45.216089+00', NULL);
INSERT INTO public.proiectapp_accesslog (id, ip_address, user_agent, path, method, "timestamp", user_id) VALUES (252, '127.0.0.1', 'Mozilla/5.0 (X11; Linux x86_64) AppleWebKit/537.36 (KHTML, like Gecko) Chrome/142.0.0.0 Safari/537.36', '/media/serii_imagini/tancgreu.png', 'GET', '2025-11-20 16:08:45.330447+00', NULL);
INSERT INTO public.proiectapp_accesslog (id, ip_address, user_agent, path, method, "timestamp", user_id) VALUES (253, '127.0.0.1', 'Mozilla/5.0 (X11; Linux x86_64) AppleWebKit/537.36 (KHTML, like Gecko) Chrome/142.0.0.0 Safari/537.36', '/produse/', 'GET', '2025-11-20 16:36:32.292304+00', NULL);
INSERT INTO public.proiectapp_accesslog (id, ip_address, user_agent, path, method, "timestamp", user_id) VALUES (254, '127.0.0.1', 'Mozilla/5.0 (X11; Linux x86_64) AppleWebKit/537.36 (KHTML, like Gecko) Chrome/142.0.0.0 Safari/537.36', '/produse/', 'GET', '2025-11-20 16:36:51.353097+00', NULL);
INSERT INTO public.proiectapp_accesslog (id, ip_address, user_agent, path, method, "timestamp", user_id) VALUES (255, '127.0.0.1', 'Mozilla/5.0 (X11; Linux x86_64) AppleWebKit/537.36 (KHTML, like Gecko) Chrome/142.0.0.0 Safari/537.36', '/produse/', 'GET', '2025-11-20 16:37:04.456011+00', NULL);
INSERT INTO public.proiectapp_accesslog (id, ip_address, user_agent, path, method, "timestamp", user_id) VALUES (256, '127.0.0.1', 'Mozilla/5.0 (X11; Linux x86_64) AppleWebKit/537.36 (KHTML, like Gecko) Chrome/142.0.0.0 Safari/537.36', '/', 'GET', '2025-11-20 16:43:04.87515+00', NULL);
INSERT INTO public.proiectapp_accesslog (id, ip_address, user_agent, path, method, "timestamp", user_id) VALUES (257, '127.0.0.1', 'Mozilla/5.0 (X11; Linux x86_64) AppleWebKit/537.36 (KHTML, like Gecko) Chrome/142.0.0.0 Safari/537.36', '/media/serii_imagini/tancuriwwii_1sPaRol.png', 'GET', '2025-11-20 16:43:04.963552+00', NULL);
INSERT INTO public.proiectapp_accesslog (id, ip_address, user_agent, path, method, "timestamp", user_id) VALUES (258, '127.0.0.1', 'Mozilla/5.0 (X11; Linux x86_64) AppleWebKit/537.36 (KHTML, like Gecko) Chrome/142.0.0.0 Safari/537.36', '/media/serii_imagini/wwII.png', 'GET', '2025-11-20 16:43:04.970078+00', NULL);
INSERT INTO public.proiectapp_accesslog (id, ip_address, user_agent, path, method, "timestamp", user_id) VALUES (259, '127.0.0.1', 'Mozilla/5.0 (X11; Linux x86_64) AppleWebKit/537.36 (KHTML, like Gecko) Chrome/142.0.0.0 Safari/537.36', '/log/', 'GET', '2025-11-20 16:43:08.568158+00', NULL);
INSERT INTO public.proiectapp_accesslog (id, ip_address, user_agent, path, method, "timestamp", user_id) VALUES (260, '127.0.0.1', 'Mozilla/5.0 (X11; Linux x86_64) AppleWebKit/537.36 (KHTML, like Gecko) Chrome/142.0.0.0 Safari/537.36', '/log/ultimele=5', 'GET', '2025-11-20 16:43:28.461126+00', NULL);
INSERT INTO public.proiectapp_accesslog (id, ip_address, user_agent, path, method, "timestamp", user_id) VALUES (261, '127.0.0.1', 'Mozilla/5.0 (X11; Linux x86_64) AppleWebKit/537.36 (KHTML, like Gecko) Chrome/142.0.0.0 Safari/537.36', '/log/', 'GET', '2025-11-20 16:43:34.943538+00', NULL);
INSERT INTO public.proiectapp_accesslog (id, ip_address, user_agent, path, method, "timestamp", user_id) VALUES (262, '127.0.0.1', 'Mozilla/5.0 (X11; Linux x86_64) AppleWebKit/537.36 (KHTML, like Gecko) Chrome/142.0.0.0 Safari/537.36', '/log/', 'GET', '2025-11-20 16:43:42.864696+00', NULL);
INSERT INTO public.proiectapp_accesslog (id, ip_address, user_agent, path, method, "timestamp", user_id) VALUES (263, '127.0.0.1', 'Mozilla/5.0 (X11; Linux x86_64) AppleWebKit/537.36 (KHTML, like Gecko) Chrome/142.0.0.0 Safari/537.36', '/log/', 'GET', '2025-11-20 16:44:04.193362+00', NULL);
INSERT INTO public.proiectapp_accesslog (id, ip_address, user_agent, path, method, "timestamp", user_id) VALUES (264, '127.0.0.1', 'Mozilla/5.0 (X11; Linux x86_64) AppleWebKit/537.36 (KHTML, like Gecko) Chrome/142.0.0.0 Safari/537.36', '/log/', 'GET', '2025-11-20 16:56:40.72651+00', NULL);
INSERT INTO public.proiectapp_accesslog (id, ip_address, user_agent, path, method, "timestamp", user_id) VALUES (265, '127.0.0.1', 'Mozilla/5.0 (X11; Linux x86_64) AppleWebKit/537.36 (KHTML, like Gecko) Chrome/142.0.0.0 Safari/537.36', '/log/', 'GET', '2025-11-20 16:57:03.183422+00', NULL);
INSERT INTO public.proiectapp_accesslog (id, ip_address, user_agent, path, method, "timestamp", user_id) VALUES (266, '127.0.0.1', 'Mozilla/5.0 (X11; Linux x86_64) AppleWebKit/537.36 (KHTML, like Gecko) Chrome/142.0.0.0 Safari/537.36', '/log/', 'GET', '2025-11-20 16:57:09.063463+00', NULL);
INSERT INTO public.proiectapp_accesslog (id, ip_address, user_agent, path, method, "timestamp", user_id) VALUES (267, '127.0.0.1', 'Mozilla/5.0 (X11; Linux x86_64) AppleWebKit/537.36 (KHTML, like Gecko) Chrome/142.0.0.0 Safari/537.36', '/log/', 'GET', '2025-11-20 16:57:21.238851+00', NULL);
INSERT INTO public.proiectapp_accesslog (id, ip_address, user_agent, path, method, "timestamp", user_id) VALUES (268, '127.0.0.1', 'Mozilla/5.0 (X11; Linux x86_64) AppleWebKit/537.36 (KHTML, like Gecko) Chrome/142.0.0.0 Safari/537.36', '/log/', 'GET', '2025-11-20 16:57:42.643471+00', NULL);
INSERT INTO public.proiectapp_accesslog (id, ip_address, user_agent, path, method, "timestamp", user_id) VALUES (269, '127.0.0.1', 'Mozilla/5.0 (X11; Linux x86_64) AppleWebKit/537.36 (KHTML, like Gecko) Chrome/142.0.0.0 Safari/537.36', '/log/', 'GET', '2025-11-20 17:05:34.317395+00', NULL);
INSERT INTO public.proiectapp_accesslog (id, ip_address, user_agent, path, method, "timestamp", user_id) VALUES (270, '127.0.0.1', 'Mozilla/5.0 (X11; Linux x86_64) AppleWebKit/537.36 (KHTML, like Gecko) Chrome/142.0.0.0 Safari/537.36', '/log/accesari=detalii', 'GET', '2025-11-20 17:11:33.293339+00', NULL);
INSERT INTO public.proiectapp_accesslog (id, ip_address, user_agent, path, method, "timestamp", user_id) VALUES (271, '127.0.0.1', 'Mozilla/5.0 (X11; Linux x86_64) AppleWebKit/537.36 (KHTML, like Gecko) Chrome/142.0.0.0 Safari/537.36', '/log/', 'GET', '2025-11-20 17:11:39.765239+00', NULL);
INSERT INTO public.proiectapp_accesslog (id, ip_address, user_agent, path, method, "timestamp", user_id) VALUES (272, '127.0.0.1', 'Mozilla/5.0 (X11; Linux x86_64) AppleWebKit/537.36 (KHTML, like Gecko) Chrome/142.0.0.0 Safari/537.36', '/log/', 'GET', '2025-11-20 17:11:51.901629+00', NULL);
INSERT INTO public.proiectapp_accesslog (id, ip_address, user_agent, path, method, "timestamp", user_id) VALUES (273, '127.0.0.1', 'Mozilla/5.0 (X11; Linux x86_64) AppleWebKit/537.36 (KHTML, like Gecko) Chrome/142.0.0.0 Safari/537.36', '/log/', 'GET', '2025-11-20 17:23:05.633846+00', NULL);
INSERT INTO public.proiectapp_accesslog (id, ip_address, user_agent, path, method, "timestamp", user_id) VALUES (274, '127.0.0.1', 'Mozilla/5.0 (X11; Linux x86_64) AppleWebKit/537.36 (KHTML, like Gecko) Chrome/142.0.0.0 Safari/537.36', '/log/', 'GET', '2025-11-20 17:24:47.057173+00', NULL);
INSERT INTO public.proiectapp_accesslog (id, ip_address, user_agent, path, method, "timestamp", user_id) VALUES (275, '127.0.0.1', 'Mozilla/5.0 (X11; Linux x86_64) AppleWebKit/537.36 (KHTML, like Gecko) Chrome/142.0.0.0 Safari/537.36', '/log/', 'GET', '2025-11-20 17:29:10.653618+00', NULL);
INSERT INTO public.proiectapp_accesslog (id, ip_address, user_agent, path, method, "timestamp", user_id) VALUES (276, '127.0.0.1', 'Mozilla/5.0 (X11; Linux x86_64) AppleWebKit/537.36 (KHTML, like Gecko) Chrome/142.0.0.0 Safari/537.36', '/log/', 'GET', '2025-11-20 17:29:30.964954+00', NULL);


--
-- Data for Name: proiectapp_categorie; Type: TABLE DATA; Schema: public; Owner: -
--

INSERT INTO public.proiectapp_categorie (id_categorie, nume_categorie, descriere, activa, culoare, culoare_activa) VALUES (1, 'Tancuri Chinezesti', 'Modele de tancuri din China', true, '#FF002B', '#FF002B');
INSERT INTO public.proiectapp_categorie (id_categorie, nume_categorie, descriere, activa, culoare, culoare_activa) VALUES (3, 'Tancuri Frantuzesti', 'Modele de tancuri din Franta', true, '#BA2FD0', '#BA2FD0');
INSERT INTO public.proiectapp_categorie (id_categorie, nume_categorie, descriere, activa, culoare, culoare_activa) VALUES (4, 'Tancuri Americane', 'Aceasta pagina este dedicata Tancurilor fortelor terestre Americane ce se diferentiaza prin tancurile sale bine blindate si cu un armament inedit.', true, '#0033A0', '#0033A0');
INSERT INTO public.proiectapp_categorie (id_categorie, nume_categorie, descriere, activa, culoare, culoare_activa) VALUES (5, 'Tancuri Germane', 'Odata cea mai temuta natiune ce a avut si are in posesia sa unele dintre cele mai performante tancuri.', true, '#C1C300', '#C1C300');
INSERT INTO public.proiectapp_categorie (id_categorie, nume_categorie, descriere, activa, culoare, culoare_activa) VALUES (6, 'Tancuri Rusesti', 'Sovieticii au un arsenal exceptional cu niste echipaje pe masura.', true, '#726C93', '#726C93');
INSERT INTO public.proiectapp_categorie (id_categorie, nume_categorie, descriere, activa, culoare, culoare_activa) VALUES (7, 'Tancuri Britanice', 'Aceasta sectiune este dedicata tancurilor fortelor terestre Britanice, tancuri ce isi fac foarte bine treaba.', true, '#20DEDF', '#20DEDF');
INSERT INTO public.proiectapp_categorie (id_categorie, nume_categorie, descriere, activa, culoare, culoare_activa) VALUES (8, 'Tancuri Suedeze', '', true, '#E49C1B', '#E49C1B');
INSERT INTO public.proiectapp_categorie (id_categorie, nume_categorie, descriere, activa, culoare, culoare_activa) VALUES (9, 'Tancuri Japoneze', '', true, '#F94CC8', '#F94CC8');


--
-- Data for Name: proiectapp_producator; Type: TABLE DATA; Schema: public; Owner: -
--

INSERT INTO public.proiectapp_producator (id_producator, nume_producator, tara_origine, telefon, email, activ) VALUES (1, 'Emag', 'Marea Britanie', NULL, 'emag@help.com', true);
INSERT INTO public.proiectapp_producator (id_producator, nume_producator, tara_origine, telefon, email, activ) VALUES (2, 'Lonnard Toys', 'Romania', '+40733120947', 'lonnard.toys@office.com', true);
INSERT INTO public.proiectapp_producator (id_producator, nume_producator, tara_origine, telefon, email, activ) VALUES (3, 'Tamiya', 'Japonia', NULL, 'contact@tamiya.com', true);
INSERT INTO public.proiectapp_producator (id_producator, nume_producator, tara_origine, telefon, email, activ) VALUES (4, 'Revell', 'Germania', NULL, 'info@revell.de', true);
INSERT INTO public.proiectapp_producator (id_producator, nume_producator, tara_origine, telefon, email, activ) VALUES (5, 'Italeri', 'Italia', NULL, NULL, true);
INSERT INTO public.proiectapp_producator (id_producator, nume_producator, tara_origine, telefon, email, activ) VALUES (6, 'Dragon Models', 'Hong Kong', NULL, NULL, true);


--
-- Data for Name: proiectapp_seria; Type: TABLE DATA; Schema: public; Owner: -
--

INSERT INTO public.proiectapp_seria (id_serie, nume_serie, an_lansare, descriere, disponibilitate, scala, imagine_serie, id_producator_id) VALUES (4, 'Tancuri Medii', 2023, '', true, '1:100', 'serii_imagini/tancurimedii.png', 2);
INSERT INTO public.proiectapp_seria (id_serie, nume_serie, an_lansare, descriere, disponibilitate, scala, imagine_serie, id_producator_id) VALUES (5, 'Tancuri Antiaeriene', 2024, '', true, '1:48', 'serii_imagini/antiair.png', 2);
INSERT INTO public.proiectapp_seria (id_serie, nume_serie, an_lansare, descriere, disponibilitate, scala, imagine_serie, id_producator_id) VALUES (6, 'Tancuri Artilerie', 2022, '', true, '1:72', 'serii_imagini/artilerie.png', 1);
INSERT INTO public.proiectapp_seria (id_serie, nume_serie, an_lansare, descriere, disponibilitate, scala, imagine_serie, id_producator_id) VALUES (7, 'Tancuri WWII', 2020, '', true, '1:35', 'serii_imagini/wwII.png', 3);
INSERT INTO public.proiectapp_seria (id_serie, nume_serie, an_lansare, descriere, disponibilitate, scala, imagine_serie, id_producator_id) VALUES (8, 'Tancuri Razboiul Rece', 2019, '', true, '1:48', 'serii_imagini/tancuriwwii_1sPaRol.png', 4);
INSERT INTO public.proiectapp_seria (id_serie, nume_serie, an_lansare, descriere, disponibilitate, scala, imagine_serie, id_producator_id) VALUES (9, 'Tancuri Usoare', 2021, '', true, '1:72', 'serii_imagini/tancuriusoare.png', 5);
INSERT INTO public.proiectapp_seria (id_serie, nume_serie, an_lansare, descriere, disponibilitate, scala, imagine_serie, id_producator_id) VALUES (10, 'Tancuri Grele', 2018, '', true, '1:35', 'serii_imagini/tancgreu.png', 6);
INSERT INTO public.proiectapp_seria (id_serie, nume_serie, an_lansare, descriere, disponibilitate, scala, imagine_serie, id_producator_id) VALUES (11, 'Tancuri Moderne', 2022, '', true, '1:100', 'serii_imagini/tancurimdrn.png', 3);


--
-- Data for Name: proiectapp_figurina; Type: TABLE DATA; Schema: public; Owner: -
--

INSERT INTO public.proiectapp_figurina (id_figurina, nume_figurina, pret, greutate, stoc_disponibil, data_lansare, data_adaugare, tara_origine, stare, descriere, imagine, id_categorie_id, id_producator_id, id_serie_id) VALUES (1, 'Somua S35', 330.00, 0.90, 7, '2022-01-14', '2025-10-29 20:14:25.352+00', 'FRA', 'NOU', '', 'produse_imagini/somuas35.png', 3, 2, 4);
INSERT INTO public.proiectapp_figurina (id_figurina, nume_figurina, pret, greutate, stoc_disponibil, data_lansare, data_adaugare, tara_origine, stare, descriere, imagine, id_categorie_id, id_producator_id, id_serie_id) VALUES (2, 'ZTZ-99', 400.50, 1.00, 5, '2021-02-09', '2025-10-29 20:16:44.66+00', 'CHN', 'COL', '', 'produse_imagini/ZTZ-99.png', 1, 2, 4);
INSERT INTO public.proiectapp_figurina (id_figurina, nume_figurina, pret, greutate, stoc_disponibil, data_lansare, data_adaugare, tara_origine, stare, descriere, imagine, id_categorie_id, id_producator_id, id_serie_id) VALUES (5, 'M60 Patton', 360.70, 0.90, 4, '2021-10-25', '2025-10-29 21:56:25.33+00', 'USA', 'NOU', '', 'produse_imagini/M60Patton.png', 4, 4, 8);
INSERT INTO public.proiectapp_figurina (id_figurina, nume_figurina, pret, greutate, stoc_disponibil, data_lansare, data_adaugare, tara_origine, stare, descriere, imagine, id_categorie_id, id_producator_id, id_serie_id) VALUES (6, 'T-55', 405.60, 1.00, 5, '2022-06-19', '2025-10-29 21:57:32.772+00', 'RUS', 'COL', '', 'produse_imagini/t55.png', 6, 6, 8);
INSERT INTO public.proiectapp_figurina (id_figurina, nume_figurina, pret, greutate, stoc_disponibil, data_lansare, data_adaugare, tara_origine, stare, descriere, imagine, id_categorie_id, id_producator_id, id_serie_id) VALUES (7, 'M3 Bradley', 320.53, 0.60, 3, '2021-07-11', '2025-10-29 22:00:39.045+00', 'USA', 'RES', '', 'produse_imagini/M3Bradley_twuiihu.png', 4, 2, 9);
INSERT INTO public.proiectapp_figurina (id_figurina, nume_figurina, pret, greutate, stoc_disponibil, data_lansare, data_adaugare, tara_origine, stare, descriere, imagine, id_categorie_id, id_producator_id, id_serie_id) VALUES (8, 'Stridsvagen 103', 376.65, 0.85, 1, '2023-12-22', '2025-10-29 22:06:55.704+00', 'SU', 'NOU', '', 'produse_imagini/strv103.png', 8, 1, 4);
INSERT INTO public.proiectapp_figurina (id_figurina, nume_figurina, pret, greutate, stoc_disponibil, data_lansare, data_adaugare, tara_origine, stare, descriere, imagine, id_categorie_id, id_producator_id, id_serie_id) VALUES (9, 'Type 90', 325.00, 0.83, 5, '2022-09-25', '2025-10-29 22:10:35.69+00', 'JAP', 'COL', '', 'produse_imagini/type90.png', 9, 3, 4);
INSERT INTO public.proiectapp_figurina (id_figurina, nume_figurina, pret, greutate, stoc_disponibil, data_lansare, data_adaugare, tara_origine, stare, descriere, imagine, id_categorie_id, id_producator_id, id_serie_id) VALUES (10, 'FV4005', 400.50, 1.10, 3, '2023-01-11', '2025-10-29 22:14:40.824+00', 'UK', 'RES', '', 'produse_imagini/FV4005.png', 7, 4, 6);
INSERT INTO public.proiectapp_figurina (id_figurina, nume_figurina, pret, greutate, stoc_disponibil, data_lansare, data_adaugare, tara_origine, stare, descriere, imagine, id_categorie_id, id_producator_id, id_serie_id) VALUES (11, 'MAUS', 410.40, 1.30, 2, '2022-11-30', '2025-10-29 22:16:57.382+00', 'GER', 'NOU', '', 'produse_imagini/MAUS_sLsob8O.png', 5, 4, 10);
INSERT INTO public.proiectapp_figurina (id_figurina, nume_figurina, pret, greutate, stoc_disponibil, data_lansare, data_adaugare, tara_origine, stare, descriere, imagine, id_categorie_id, id_producator_id, id_serie_id) VALUES (12, 'M1A2 Abrams', 450.00, 1.20, 8, '2023-05-15', '2025-11-03 21:50:16.808+00', 'USA', 'NOU', '', 'produse_imagini/M1A2_abrams.png', 4, 3, 11);
INSERT INTO public.proiectapp_figurina (id_figurina, nume_figurina, pret, greutate, stoc_disponibil, data_lansare, data_adaugare, tara_origine, stare, descriere, imagine, id_categorie_id, id_producator_id, id_serie_id) VALUES (13, 'Tiger I', 380.50, 0.90, 5, '2022-11-20', '2025-11-03 21:52:27.292+00', 'GER', 'COL', '', 'produse_imagini/tiger1.png', 5, 4, 7);
INSERT INTO public.proiectapp_figurina (id_figurina, nume_figurina, pret, greutate, stoc_disponibil, data_lansare, data_adaugare, tara_origine, stare, descriere, imagine, id_categorie_id, id_producator_id, id_serie_id) VALUES (14, 'T-34/85', 295.75, 0.70, 12, '2023-02-10', '2025-11-03 21:54:58.9+00', 'RUS', 'NOU', '', 'produse_imagini/t34-85.png', 6, 5, 7);
INSERT INTO public.proiectapp_figurina (id_figurina, nume_figurina, pret, greutate, stoc_disponibil, data_lansare, data_adaugare, tara_origine, stare, descriere, imagine, id_categorie_id, id_producator_id, id_serie_id) VALUES (15, 'M4A3E8 Shermann', 320.00, 0.80, 0, '2021-08-30', '2025-11-03 21:57:05.106+00', 'USA', 'FOL', 'Tanc Sherman varianta mbunatatita', 'produse_imagini/jumbo_sneaCON.png', 4, 6, 10);
INSERT INTO public.proiectapp_figurina (id_figurina, nume_figurina, pret, greutate, stoc_disponibil, data_lansare, data_adaugare, tara_origine, stare, descriere, imagine, id_categorie_id, id_producator_id, id_serie_id) VALUES (16, 'Ferdinand', 415.25, 0.70, 3, '2023-07-05', '2025-11-03 21:58:20.102+00', 'GER', 'RES', '', 'produse_imagini/ferdinand_gVTCOlt.png', 5, 3, 6);
INSERT INTO public.proiectapp_figurina (id_figurina, nume_figurina, pret, greutate, stoc_disponibil, data_lansare, data_adaugare, tara_origine, stare, descriere, imagine, id_categorie_id, id_producator_id, id_serie_id) VALUES (17, 'Centurion Mk.III', 355.80, 1.10, 6, '2022-12-15', '2025-11-03 21:59:39.676+00', 'UK', 'NOU', 'Tanc britanic de infanterie', 'produse_imagini/cent_mk3_3D0UACV.png', 7, 4, 8);
INSERT INTO public.proiectapp_figurina (id_figurina, nume_figurina, pret, greutate, stoc_disponibil, data_lansare, data_adaugare, tara_origine, stare, descriere, imagine, id_categorie_id, id_producator_id, id_serie_id) VALUES (18, 'Gepard', 370.50, 0.65, 3, '2022-10-29', '2025-11-10 21:07:35.885+00', 'GER', 'NOU', '', 'produse_imagini/gepard.png', 5, 3, 5);


--
-- Data for Name: proiectapp_material; Type: TABLE DATA; Schema: public; Owner: -
--

INSERT INTO public.proiectapp_material (id_material, tip_material, culoare, rezistent_la_apa, textura) VALUES (1, 'Otel', 'Argintiu', true, 'STR');
INSERT INTO public.proiectapp_material (id_material, tip_material, culoare, rezistent_la_apa, textura) VALUES (2, 'Lemn', 'Maro', false, 'TEXT');
INSERT INTO public.proiectapp_material (id_material, tip_material, culoare, rezistent_la_apa, textura) VALUES (3, 'Plastic Polistiren', 'Gri', false, 'NETE');
INSERT INTO public.proiectapp_material (id_material, tip_material, culoare, rezistent_la_apa, textura) VALUES (4, 'Plastic ABS', 'Alb', true, 'MAT');
INSERT INTO public.proiectapp_material (id_material, tip_material, culoare, rezistent_la_apa, textura) VALUES (5, 'Metal Turnat', 'None', true, 'MAT');
INSERT INTO public.proiectapp_material (id_material, tip_material, culoare, rezistent_la_apa, textura) VALUES (6, 'Resina', 'Transparent', true, 'STR');
INSERT INTO public.proiectapp_material (id_material, tip_material, culoare, rezistent_la_apa, textura) VALUES (7, 'Cauciuc Sintetic', 'Negru', false, 'TEXT');


--
-- Data for Name: proiectapp_figurinamaterial; Type: TABLE DATA; Schema: public; Owner: -
--

INSERT INTO public.proiectapp_figurinamaterial (id, procentaj, figurina_id, material_id) VALUES (1, 100.00, 1, 1);
INSERT INTO public.proiectapp_figurinamaterial (id, procentaj, figurina_id, material_id) VALUES (2, 100.00, 2, 2);
INSERT INTO public.proiectapp_figurinamaterial (id, procentaj, figurina_id, material_id) VALUES (6, 57.00, 5, 3);
INSERT INTO public.proiectapp_figurinamaterial (id, procentaj, figurina_id, material_id) VALUES (7, 43.00, 5, 4);
INSERT INTO public.proiectapp_figurinamaterial (id, procentaj, figurina_id, material_id) VALUES (8, 100.00, 6, 5);
INSERT INTO public.proiectapp_figurinamaterial (id, procentaj, figurina_id, material_id) VALUES (9, 26.00, 7, 6);
INSERT INTO public.proiectapp_figurinamaterial (id, procentaj, figurina_id, material_id) VALUES (10, 74.00, 7, 3);
INSERT INTO public.proiectapp_figurinamaterial (id, procentaj, figurina_id, material_id) VALUES (11, 57.00, 8, 2);
INSERT INTO public.proiectapp_figurinamaterial (id, procentaj, figurina_id, material_id) VALUES (12, 43.00, 8, 3);
INSERT INTO public.proiectapp_figurinamaterial (id, procentaj, figurina_id, material_id) VALUES (13, 67.00, 9, 5);
INSERT INTO public.proiectapp_figurinamaterial (id, procentaj, figurina_id, material_id) VALUES (14, 33.00, 9, 7);
INSERT INTO public.proiectapp_figurinamaterial (id, procentaj, figurina_id, material_id) VALUES (15, 40.00, 10, 4);
INSERT INTO public.proiectapp_figurinamaterial (id, procentaj, figurina_id, material_id) VALUES (16, 35.00, 10, 1);
INSERT INTO public.proiectapp_figurinamaterial (id, procentaj, figurina_id, material_id) VALUES (17, 25.00, 10, 6);
INSERT INTO public.proiectapp_figurinamaterial (id, procentaj, figurina_id, material_id) VALUES (18, 40.50, 11, 1);
INSERT INTO public.proiectapp_figurinamaterial (id, procentaj, figurina_id, material_id) VALUES (19, 59.50, 11, 2);
INSERT INTO public.proiectapp_figurinamaterial (id, procentaj, figurina_id, material_id) VALUES (20, 80.00, 12, 3);
INSERT INTO public.proiectapp_figurinamaterial (id, procentaj, figurina_id, material_id) VALUES (21, 20.00, 12, 5);
INSERT INTO public.proiectapp_figurinamaterial (id, procentaj, figurina_id, material_id) VALUES (22, 100.00, 13, 4);
INSERT INTO public.proiectapp_figurinamaterial (id, procentaj, figurina_id, material_id) VALUES (23, 70.00, 14, 3);
INSERT INTO public.proiectapp_figurinamaterial (id, procentaj, figurina_id, material_id) VALUES (24, 30.00, 14, 6);
INSERT INTO public.proiectapp_figurinamaterial (id, procentaj, figurina_id, material_id) VALUES (25, 60.00, 18, 4);
INSERT INTO public.proiectapp_figurinamaterial (id, procentaj, figurina_id, material_id) VALUES (26, 40.00, 18, 6);
INSERT INTO public.proiectapp_figurinamaterial (id, procentaj, figurina_id, material_id) VALUES (27, 100.00, 16, 5);


--
-- Data for Name: proiectapp_setaccessorii; Type: TABLE DATA; Schema: public; Owner: -
--

INSERT INTO public.proiectapp_setaccessorii (id_set, nume_set, nr_piese, compatibilitate, editie_speciala, tip_accesorii, data_creare) VALUES (1, 'Set Imbunatatire Optica', 5, 'Toate modelele 1:72', true, 'UNEL', '2025-10-29 19:45:44.286+00');
INSERT INTO public.proiectapp_setaccessorii (id_set, nume_set, nr_piese, compatibilitate, editie_speciala, tip_accesorii, data_creare) VALUES (2, 'Set Tufisuri', 6, 'Toate modelele', false, 'CAM', '2025-10-29 19:46:13.804+00');
INSERT INTO public.proiectapp_setaccessorii (id_set, nume_set, nr_piese, compatibilitate, editie_speciala, tip_accesorii, data_creare) VALUES (3, 'Set Camuflaj Avansat', 5, 'Toate modelele 1:35', false, 'CAM', '2025-10-29 20:47:56.276+00');
INSERT INTO public.proiectapp_setaccessorii (id_set, nume_set, nr_piese, compatibilitate, editie_speciala, tip_accesorii, data_creare) VALUES (4, 'Set Vopsele Militare', 4, 'Tancuri NATO', false, 'VOP', '2025-10-29 20:48:30.46+00');
INSERT INTO public.proiectapp_setaccessorii (id_set, nume_set, nr_piese, compatibilitate, editie_speciala, tip_accesorii, data_creare) VALUES (6, 'Set Lanturi de Otel', 1, 'Tancuri WWII', false, 'LANT', '2025-10-29 20:49:34.026+00');
INSERT INTO public.proiectapp_setaccessorii (id_set, nume_set, nr_piese, compatibilitate, editie_speciala, tip_accesorii, data_creare) VALUES (7, 'Set Unelte', 2, 'Modele de scara mica', false, 'UNEL', '2025-10-29 20:50:08.288+00');
INSERT INTO public.proiectapp_setaccessorii (id_set, nume_set, nr_piese, compatibilitate, editie_speciala, tip_accesorii, data_creare) VALUES (8, 'Set Display Premium', 1, 'Toate modelele', true, 'ALT', '2025-10-29 20:50:33.516+00');


--
-- Data for Name: proiectapp_figurinasetaccesorii; Type: TABLE DATA; Schema: public; Owner: -
--

INSERT INTO public.proiectapp_figurinasetaccesorii (id, data_asociere, compatibil_perfect, figurina_id, set_accesorii_id) VALUES (1, '2025-10-29 20:14:25.357+00', true, 1, 1);
INSERT INTO public.proiectapp_figurinasetaccesorii (id, data_asociere, compatibil_perfect, figurina_id, set_accesorii_id) VALUES (2, '2025-10-29 20:16:44.662+00', true, 2, 1);
INSERT INTO public.proiectapp_figurinasetaccesorii (id, data_asociere, compatibil_perfect, figurina_id, set_accesorii_id) VALUES (4, '2025-10-29 21:56:25.333+00', true, 5, 3);
INSERT INTO public.proiectapp_figurinasetaccesorii (id, data_asociere, compatibil_perfect, figurina_id, set_accesorii_id) VALUES (5, '2025-10-29 21:57:32.774+00', true, 6, 3);
INSERT INTO public.proiectapp_figurinasetaccesorii (id, data_asociere, compatibil_perfect, figurina_id, set_accesorii_id) VALUES (6, '2025-10-29 22:00:39.047+00', true, 7, 7);
INSERT INTO public.proiectapp_figurinasetaccesorii (id, data_asociere, compatibil_perfect, figurina_id, set_accesorii_id) VALUES (7, '2025-10-29 22:06:55.708+00', true, 8, 8);
INSERT INTO public.proiectapp_figurinasetaccesorii (id, data_asociere, compatibil_perfect, figurina_id, set_accesorii_id) VALUES (8, '2025-10-29 22:10:35.692+00', true, 9, 4);
INSERT INTO public.proiectapp_figurinasetaccesorii (id, data_asociere, compatibil_perfect, figurina_id, set_accesorii_id) VALUES (9, '2025-10-29 22:14:40.827+00', true, 10, 2);
INSERT INTO public.proiectapp_figurinasetaccesorii (id, data_asociere, compatibil_perfect, figurina_id, set_accesorii_id) VALUES (10, '2025-10-29 22:14:40.828+00', true, 10, 1);
INSERT INTO public.proiectapp_figurinasetaccesorii (id, data_asociere, compatibil_perfect, figurina_id, set_accesorii_id) VALUES (11, '2025-10-29 22:14:40.828+00', false, 10, 6);
INSERT INTO public.proiectapp_figurinasetaccesorii (id, data_asociere, compatibil_perfect, figurina_id, set_accesorii_id) VALUES (12, '2025-10-29 22:16:57.384+00', true, 11, 4);
INSERT INTO public.proiectapp_figurinasetaccesorii (id, data_asociere, compatibil_perfect, figurina_id, set_accesorii_id) VALUES (13, '2025-10-29 22:16:57.385+00', true, 11, 1);
INSERT INTO public.proiectapp_figurinasetaccesorii (id, data_asociere, compatibil_perfect, figurina_id, set_accesorii_id) VALUES (14, '2025-11-03 21:50:16.811+00', true, 12, 3);
INSERT INTO public.proiectapp_figurinasetaccesorii (id, data_asociere, compatibil_perfect, figurina_id, set_accesorii_id) VALUES (15, '2025-11-03 21:52:27.294+00', true, 13, 6);
INSERT INTO public.proiectapp_figurinasetaccesorii (id, data_asociere, compatibil_perfect, figurina_id, set_accesorii_id) VALUES (16, '2025-11-10 21:07:35.889+00', true, 18, 1);
INSERT INTO public.proiectapp_figurinasetaccesorii (id, data_asociere, compatibil_perfect, figurina_id, set_accesorii_id) VALUES (17, '2025-11-10 21:36:06.627+00', true, 16, 4);


--
-- Name: proiectapp_accesslog_id_seq; Type: SEQUENCE SET; Schema: public; Owner: -
--

SELECT pg_catalog.setval('public.proiectapp_accesslog_id_seq', 276, true);


--
-- Name: proiectapp_categorie_id_categorie_seq; Type: SEQUENCE SET; Schema: public; Owner: -
--

SELECT pg_catalog.setval('public.proiectapp_categorie_id_categorie_seq', 9, true);


--
-- Name: proiectapp_customuser_id_seq; Type: SEQUENCE SET; Schema: public; Owner: -
--

SELECT pg_catalog.setval('public.proiectapp_customuser_id_seq', 1, true);


--
-- Name: proiectapp_figurina_id_figurina_seq; Type: SEQUENCE SET; Schema: public; Owner: -
--

SELECT pg_catalog.setval('public.proiectapp_figurina_id_figurina_seq', 18, true);


--
-- Name: proiectapp_figurinamaterial_id_seq; Type: SEQUENCE SET; Schema: public; Owner: -
--

SELECT pg_catalog.setval('public.proiectapp_figurinamaterial_id_seq', 27, true);


--
-- Name: proiectapp_figurinasetaccesorii_id_seq; Type: SEQUENCE SET; Schema: public; Owner: -
--

SELECT pg_catalog.setval('public.proiectapp_figurinasetaccesorii_id_seq', 17, true);


--
-- Name: proiectapp_material_id_material_seq; Type: SEQUENCE SET; Schema: public; Owner: -
--

SELECT pg_catalog.setval('public.proiectapp_material_id_material_seq', 7, true);


--
-- Name: proiectapp_producator_id_producator_seq; Type: SEQUENCE SET; Schema: public; Owner: -
--

SELECT pg_catalog.setval('public.proiectapp_producator_id_producator_seq', 6, true);


--
-- Name: proiectapp_seria_id_serie_seq; Type: SEQUENCE SET; Schema: public; Owner: -
--

SELECT pg_catalog.setval('public.proiectapp_seria_id_serie_seq', 11, true);


--
-- Name: proiectapp_setaccessorii_id_set_seq; Type: SEQUENCE SET; Schema: public; Owner: -
--

SELECT pg_catalog.setval('public.proiectapp_setaccessorii_id_set_seq', 8, true);


--
-- PostgreSQL database dump complete
--

\unrestrict YDBPFKkZtmXkeM9tpDeIETGxGjZ0q2o8uMutwHoIDejD1LEv0A2gmBNYcV09cDn

